Remove Secblitz	Quitar Secblitz	Supprimer Secblitz	Secblitz entfernen	Remover o Secblitz	Rimuovi Secblitz
What should happen to the changes Secblitz made?	¿Qué debe pasar con los cambios que hizo Secblitz?	Que faire des modifications effectuées par Secblitz ?	Was soll mit den Änderungen geschehen, die Secblitz vorgenommen hat?	O que deve acontecer com as alterações feitas pelo Secblitz?	Cosa deve succedere alle modifiche fatte da Secblitz?
Keep my PC as it is now	Dejar mi PC como está ahora	Laisser mon PC tel qu'il est maintenant	Meinen PC so lassen, wie er jetzt ist	Manter meu PC como está agora	Lascia il mio PC com'è adesso
Your protection stays on. Apps you removed stay removed; you can reinstall them from the Microsoft Store.	Tu protección sigue activa. Las apps que quitaste siguen quitadas; puedes volver a instalarlas desde Microsoft Store.	Votre protection reste active. Les applications que vous avez supprimées restent supprimées ; vous pouvez les réinstaller depuis le Microsoft Store.	Dein Schutz bleibt eingeschaltet. Apps, die Du entfernt hast, bleiben entfernt; Du kannst sie aus dem Microsoft Store neu installieren.	Sua proteção continua ativada. Os apps que você removeu continuam removidos; você pode reinstalá-los pela Microsoft Store.	La tua protezione resta attiva. Le app che hai rimosso restano rimosse; puoi reinstallarle dal Microsoft Store.
Put everything back the way it was	Devolver todo a como estaba	Tout remettre comme avant	Alles wieder so machen, wie es war	Voltar tudo como estava	Rimetti tutto com'era
Secblitz undoes its changes and brings back the apps you removed first. This can take a few minutes.	Primero Secblitz deshace sus cambios y recupera las apps que quitaste. Esto puede tardar unos minutos.	Secblitz commence par annuler ses modifications et récupérer les applications que vous avez supprimées. Cela peut prendre quelques minutes.	Secblitz macht zuerst seine Änderungen rückgängig und holt die Apps zurück, die Du entfernt hast. Das kann einige Minuten dauern.	O Secblitz primeiro desfaz suas alterações e traz de volta os apps que você removeu. Isso pode levar alguns minutos.	Prima Secblitz annulla le sue modifiche e recupera le app che hai rimosso. Può richiedere alcuni minuti.
Windows updates, virus scans and apps you installed with Secblitz stay.	Las actualizaciones de Windows, los análisis de virus y las apps que instalaste con Secblitz se quedan.	Les mises à jour Windows, les analyses antivirus et les applications installées avec Secblitz sont conservées.	Windows-Updates, Virenscans und mit Secblitz installierte Apps bleiben erhalten.	As atualizações do Windows, as verificações de vírus e os apps que você instalou com o Secblitz permanecem.	Gli aggiornamenti di Windows, le scansioni antivirus e le app installate con Secblitz restano.
Putting your settings back	Restaurando tus ajustes	Rétablissement de vos paramètres	Deine Einstellungen werden zurückgesetzt	Restaurando suas configurações	Ripristino delle tue impostazioni
Some things could not be put back:	Algunas cosas no se pudieron restaurar:	Certaines choses n'ont pas pu être rétablies :	Einiges ließ sich nicht zurücksetzen:	Algumas coisas não puderam ser restauradas:	Alcune cose non è stato possibile ripristinarle:
Some of your personal settings could not be put back.	Algunos de tus ajustes personales no se pudieron restaurar.	Certains de vos paramètres personnels n'ont pas pu être rétablis.	Einige Deiner persönlichen Einstellungen ließen sich nicht zurücksetzen.	Algumas das suas configurações pessoais não puderam ser restauradas.	Alcune delle tue impostazioni personali non è stato possibile ripristinarle.
Some settings could not be put back.	Algunos ajustes no se pudieron restaurar.	Certains paramètres n'ont pas pu être rétablis.	Einige Einstellungen ließen sich nicht zurücksetzen.	Algumas configurações não puderam ser restauradas.	Alcune impostazioni non è stato possibile ripristinarle.
