Camera, microphone and location	Cámara, micrófono y ubicación	Caméra, microphone et position	Kamera, Mikrofon und Standort	Câmera, microfone e localização	Fotocamera, microfono e posizione
Microphone	Micrófono	Microphone	Mikrofon	Microfone	Microfono
Location	Ubicación	Position	Standort	Localização	Posizione
See which apps used them and when. Switch off any you don't trust.	Mira qué aplicaciones los usaron y cuándo. Desactiva las que no te inspiren confianza.	Voyez quelles applications les ont utilisés et quand. Désactivez celles auxquelles vous ne faites pas confiance.	Sehen Sie, welche Apps sie wann benutzt haben. Schalten Sie alle aus, denen Sie nicht vertrauen.	Veja quais aplicativos os usaram e quando. Desative os que você não considera confiáveis.	Guarda quali app li hanno usati e quando. Disattiva quelle di cui non ti fidi.
Let apps use your camera	Permitir que las aplicaciones usen tu cámara	Autoriser les applications à utiliser votre caméra	Apps dürfen Ihre Kamera verwenden	Permitir que os aplicativos usem sua câmera	Consenti alle app di usare la fotocamera
Let apps use your microphone	Permitir que las aplicaciones usen tu micrófono	Autoriser les applications à utiliser votre microphone	Apps dürfen Ihr Mikrofon verwenden	Permitir que os aplicativos usem seu microfone	Consenti alle app di usare il microfono
Let apps use your location	Permitir que las aplicaciones usen tu ubicación	Autoriser les applications à utiliser votre position	Apps dürfen Ihren Standort verwenden	Permitir que os aplicativos usem sua localização	Consenti alle app di usare la posizione
On. Switch off any app below that you don't trust.	Activado. Desactiva abajo las aplicaciones que no te inspiren confianza.	Activé. Désactivez ci-dessous les applications auxquelles vous ne faites pas confiance.	An. Schalten Sie unten alle Apps aus, denen Sie nicht vertrauen.	Ativado. Desative abaixo os aplicativos que você não considera confiáveis.	Attivo. Disattiva qui sotto le app di cui non ti fidi.
Off. No app can use your camera.	Desactivado. Ninguna aplicación puede usar tu cámara.	Désactivé. Aucune application ne peut utiliser votre caméra.	Aus. Keine App kann Ihre Kamera verwenden.	Desativado. Nenhum aplicativo pode usar sua câmera.	Disattivato. Nessuna app può usare la fotocamera.
Off. No app can use your microphone.	Desactivado. Ninguna aplicación puede usar tu micrófono.	Désactivé. Aucune application ne peut utiliser votre microphone.	Aus. Keine App kann Ihr Mikrofon verwenden.	Desativado. Nenhum aplicativo pode usar seu microfone.	Disattivato. Nessuna app può usare il microfono.
Off. No app can see where you are.	Desactivado. Ninguna aplicación puede ver dónde estás.	Désactivé. Aucune application ne peut savoir où vous êtes.	Aus. Keine App kann sehen, wo Sie sind.	Desativado. Nenhum aplicativo pode ver onde você está.	Disattivato. Nessuna app può vedere dove ti trovi.
No app has used your camera yet.	Ninguna aplicación ha usado tu cámara todavía.	Aucune application n'a encore utilisé votre caméra.	Bisher hat keine App Ihre Kamera verwendet.	Nenhum aplicativo usou sua câmera ainda.	Nessuna app ha ancora usato la fotocamera.
No app has used your microphone yet.	Ninguna aplicación ha usado tu micrófono todavía.	Aucune application n'a encore utilisé votre microphone.	Bisher hat keine App Ihr Mikrofon verwendet.	Nenhum aplicativo usou seu microfone ainda.	Nessuna app ha ancora usato il microfono.
No app has asked for your location yet.	Ninguna aplicación ha pedido tu ubicación todavía.	Aucune application n'a encore demandé votre position.	Bisher hat keine App Ihren Standort angefragt.	Nenhum aplicativo pediu sua localização ainda.	Nessuna app ha ancora chiesto la tua posizione.
Apps from the Microsoft Store	Aplicaciones de Microsoft Store	Applications du Microsoft Store	Apps aus dem Microsoft Store	Aplicativos da Microsoft Store	App del Microsoft Store
Desktop apps	Aplicaciones de escritorio	Applications de bureau	Desktop-Apps	Aplicativos de desktop	App desktop
Windows can only switch all desktop apps on or off together.	Windows solo permite activar o desactivar todas las aplicaciones de escritorio a la vez.	Windows ne permet d'activer ou de désactiver les applications de bureau que toutes ensemble.	Windows kann Desktop-Apps nur alle zusammen ein- oder ausschalten.	O Windows só permite ativar ou desativar todos os aplicativos de desktop juntos.	Windows permette di attivare o disattivare le app desktop solo tutte insieme.
{names} and {n} more	{names} y {n} más	{names} et {n} autres	{names} und {n} weitere	{names} e mais {n}	{names} e altre {n}
In use now	En uso ahora	Utilisé en ce moment	Wird gerade verwendet	Em uso agora	In uso ora
Used just now	Usado hace un momento	Utilisé à l'instant	Gerade eben verwendet	Usado agora mesmo	Usato proprio ora
Used {n} minute ago	Usado hace {n} minuto	Utilisé il y a {n} minute	Vor {n} Minute verwendet	Usado há {n} minuto	Usato {n} minuto fa
Used {n} minutes ago	Usado hace {n} minutos	Utilisé il y a {n} minutes	Vor {n} Minuten verwendet	Usado há {n} minutos	Usato {n} minuti fa
Used {n} hour ago	Usado hace {n} hora	Utilisé il y a {n} heure	Vor {n} Stunde verwendet	Usado há {n} hora	Usato {n} ora fa
Used {n} hours ago	Usado hace {n} horas	Utilisé il y a {n} heures	Vor {n} Stunden verwendet	Usado há {n} horas	Usato {n} ore fa
Used {n} day ago	Usado hace {n} día	Utilisé il y a {n} jour	Vor {n} Tag verwendet	Usado há {n} dia	Usato {n} giorno fa
Used {n} days ago	Usado hace {n} días	Utilisé il y a {n} jours	Vor {n} Tagen verwendet	Usado há {n} dias	Usato {n} giorni fa
Not used yet	Aún sin usar	Pas encore utilisé	Noch nicht verwendet	Ainda não usado	Non ancora usato
We couldn't read which apps used this. Please try again.	No pudimos leer qué aplicaciones lo usaron. Inténtalo de nuevo.	Nous n'avons pas pu lire quelles applications l'ont utilisé. Réessayez.	Wir konnten nicht lesen, welche Apps das verwendet haben. Bitte versuchen Sie es erneut.	Não foi possível ver quais aplicativos usaram isto. Tente novamente.	Non siamo riusciti a leggere quali app lo hanno usato. Riprova.
Windows or your organization controls this setting, so the switches here can't change it.	Windows o tu organización controla este ajuste, así que los interruptores de aquí no pueden cambiarlo.	Windows ou votre organisation gère ce réglage, les commutateurs ci-dessous ne peuvent donc pas le modifier.	Windows oder Ihre Organisation steuert diese Einstellung, deshalb können die Schalter hier sie nicht ändern.	O Windows ou sua organização controla esta configuração, então as chaves aqui não podem alterá-la.	Windows o la tua organizzazione controlla questa impostazione, quindi gli interruttori qui non possono modificarla.
