We couldn't change web protection. Please try again.	No pudimos cambiar la protección web. Inténtalo de nuevo.	Nous n’avons pas pu modifier la protection web. Réessayez.	Der Webschutz konnte nicht geändert werden. Bitte versuche es noch einmal.	Não foi possível alterar a proteção da web. Tente novamente.	Non è stato possibile modificare la protezione web. Riprova.
Blocked today: {ads}, {trackers}, {dangerous}	Bloqueado hoy: {ads}, {trackers}, {dangerous}	Bloqué aujourd’hui : {ads}, {trackers}, {dangerous}	Heute blockiert: {ads}, {trackers}, {dangerous}	Bloqueado hoje: {ads}, {trackers}, {dangerous}	Bloccato oggi: {ads}, {trackers}, {dangerous}
{n} ad	{n} anuncio	{n} publicité	{n} Anzeige	{n} anúncio	{n} annuncio
{n} ads	{n} anuncios	{n} publicités	{n} Anzeigen	{n} anúncios	{n} annunci
{n} tracker	{n} rastreador	{n} traqueur	{n} Tracker	{n} rastreador	{n} tracker
{n} trackers	{n} rastreadores	{n} traqueurs	{n} Tracker	{n} rastreadores	{n} tracker
{n} dangerous website	{n} sitio web peligroso	{n} site web dangereux	{n} gefährliche Website	{n} site perigoso	{n} sito web pericoloso
{n} dangerous websites	{n} sitios web peligrosos	{n} sites web dangereux	{n} gefährliche Websites	{n} sites perigosos	{n} siti web pericolosi
Paused until {time}	En pausa hasta las {time}	En pause jusqu’à {time}	Pausiert bis {time}	Em pausa até {time}	In pausa fino alle {time}
Getting block lists ready	Preparando las listas de bloqueo	Préparation des listes de blocage	Sperrlisten werden vorbereitet	Preparando as listas de bloqueio	Preparazione degli elenchi di blocco
Not working right now. Your internet still works, but nothing is being blocked.	No funciona en este momento. Tu internet sigue funcionando, pero no se está bloqueando nada.	Ne fonctionne pas pour le moment. Votre internet fonctionne toujours, mais rien n’est bloqué.	Funktioniert gerade nicht. Dein Internet funktioniert weiter, aber es wird nichts blockiert.	Não está funcionando agora. Sua internet continua funcionando, mas nada está sendo bloqueado.	Al momento non funziona. Internet continua a funzionare, ma non viene bloccato nulla.
Block ads	Bloquear anuncios	Bloquer les publicités	Werbung blockieren	Bloquear anúncios	Blocca gli annunci
Stops ads from loading in your browser and in apps.	Evita que los anuncios se carguen en tu navegador y en las aplicaciones.	Empêche les publicités de s’afficher dans votre navigateur et dans les applications.	Verhindert, dass Werbung in deinem Browser und in Apps geladen wird.	Impede que os anúncios sejam carregados no navegador e nos aplicativos.	Impedisce il caricamento degli annunci nel browser e nelle app.
Block tracking and telemetry	Bloquear el rastreo y la telemetría	Bloquer le suivi et la télémétrie	Tracking und Telemetrie blockieren	Bloquear rastreamento e telemetria	Blocca il tracciamento e la telemetria
Stops websites, apps and Windows from sending data about what you do.	Evita que sitios web, aplicaciones y Windows envíen datos sobre lo que haces.	Empêche les sites web, les applications et Windows d’envoyer des données sur ce que vous faites.	Verhindert, dass Websites, Apps und Windows Daten darüber senden, was du tust.	Impede que sites, aplicativos e o Windows enviem dados sobre o que você faz.	Impedisce a siti web, app e Windows di inviare dati su ciò che fai.
Block dangerous websites	Bloquear sitios web peligrosos	Bloquer les sites web dangereux	Gefährliche Websites blockieren	Bloquear sites perigosos	Blocca i siti web pericolosi
Stops your PC from opening known scam and virus websites.	Evita que tu PC abra sitios web de estafas y virus conocidos.	Empêche votre PC d’ouvrir des sites web d’arnaque et de virus connus.	Verhindert, dass dein PC bekannte Betrugs- und Virenwebsites öffnet.	Impede que o PC abra sites de golpes e vírus conhecidos.	Impedisce al PC di aprire siti web truffa e con virus noti.
Resume now	Reanudar ahora	Reprendre maintenant	Jetzt fortsetzen	Retomar agora	Riprendi ora
Pause for 1 hour	Pausar durante 1 hora	Mettre en pause pendant 1 heure	1 Stunde pausieren	Pausar por 1 hora	Metti in pausa per 1 ora
Web protection	Protección web	Protection web	Webschutz	Proteção da web	Protezione web
Stops ads, trackers and dangerous websites before they load.	Detiene los anuncios, los rastreadores y los sitios web peligrosos antes de que se carguen.	Bloque les publicités, les traqueurs et les sites web dangereux avant leur chargement.	Stoppt Werbung, Tracker und gefährliche Websites, bevor sie geladen werden.	Bloqueia anúncios, rastreadores e sites perigosos antes de serem carregados.	Ferma annunci, tracker e siti web pericolosi prima che vengano caricati.
Web protection needs Secblitz to be installed.	La protección web necesita que Secblitz esté instalado.	La protection web nécessite que Secblitz soit installé.	Der Webschutz setzt voraus, dass Secblitz installiert ist.	A proteção da web exige que o Secblitz esteja instalado.	La protezione web richiede che Secblitz sia installato.
What to block	Qué bloquear	Que bloquer	Was blockiert werden soll	O que bloquear	Cosa bloccare
Suggestion	Sugerencia	Suggestion	Vorschlag	Sugestão	Suggerimento
Block ads, trackers and dangerous websites	Bloquear anuncios, rastreadores y sitios web peligrosos	Bloquer les publicités, les traqueurs et les sites web dangereux	Werbung, Tracker und gefährliche Websites blockieren	Bloquear anúncios, rastreadores e sites perigosos	Blocca annunci, tracker e siti web pericolosi
Optional. Stops many ads and scam websites before they load.	Opcional. Detiene muchos anuncios y sitios web fraudulentos antes de que se carguen.	Facultatif. Bloque de nombreuses publicités et sites web frauduleux avant leur chargement.	Optional. Stoppt viele Anzeigen und Betrugswebsites, bevor sie geladen werden.	Opcional. Bloqueia muitos anúncios e sites fraudulentos antes de serem carregados.	Facoltativo. Ferma molti annunci e siti web truffa prima che vengano caricati.
Some ads, like the ones inside YouTube videos, come from the same place as the video and can't be blocked this way.	Algunos anuncios, como los de dentro de los vídeos de YouTube, vienen del mismo lugar que el vídeo y no se pueden bloquear así.	Certaines publicités, comme celles des vidéos YouTube, viennent du même endroit que la vidéo et ne peuvent pas être bloquées ainsi.	Manche Werbung, etwa in YouTube-Videos, kommt von derselben Stelle wie das Video und lässt sich so nicht blockieren.	Alguns anúncios, como os dos vídeos do YouTube, vêm do mesmo lugar que o vídeo e não podem ser bloqueados assim.	Alcuni annunci, come quelli dentro i video di YouTube, arrivano dallo stesso posto del video e non si possono bloccare in questo modo.
Most ads come from a known list of advertising websites. This stops your PC from loading anything from that list.	La mayoría de los anuncios vienen de una lista conocida de sitios web de publicidad. Esto evita que tu PC cargue nada de esa lista.	La plupart des publicités viennent d’une liste connue de sites web publicitaires. Cela empêche votre PC de charger quoi que ce soit de cette liste.	Die meiste Werbung stammt von einer bekannten Liste von Werbewebsites. So lädt dein PC nichts mehr von dieser Liste.	A maioria dos anúncios vem de uma lista conhecida de sites de publicidade. Isso impede o PC de carregar qualquer coisa dessa lista.	La maggior parte degli annunci arriva da un elenco noto di siti pubblicitari. Così il PC non carica più nulla da quell’elenco.
Ads slow pages down, follow you from site to site, and sometimes lead to scam or virus websites.	Los anuncios ralentizan las páginas, te siguen de un sitio a otro y a veces llevan a sitios web de estafas o virus.	Les publicités ralentissent les pages, vous suivent d’un site à l’autre et mènent parfois à des sites d’arnaque ou de virus.	Werbung verlangsamt Seiten, folgt dir von Website zu Website und führt manchmal zu Betrugs- oder Virenwebsites.	Os anúncios deixam as páginas lentas, seguem você de site em site e às vezes levam a sites de golpes ou vírus.	Gli annunci rallentano le pagine, ti seguono da un sito all’altro e a volte portano a siti truffa o con virus.
Many ads disappear from websites and apps. Some pages look a little different, and a few sites may ask you to turn this off.	Muchos anuncios desaparecen de los sitios web y las aplicaciones. Algunas páginas se ven un poco distintas y unos pocos sitios pueden pedirte que lo desactives.	De nombreuses publicités disparaissent des sites web et des applications. Certaines pages sont un peu différentes et quelques sites peuvent vous demander de désactiver cette option.	Viele Anzeigen verschwinden aus Websites und Apps. Manche Seiten sehen etwas anders aus, und einige Websites bitten dich, das auszuschalten.	Muitos anúncios somem dos sites e aplicativos. Algumas páginas ficam um pouco diferentes e alguns sites podem pedir que você desative isso.	Molti annunci scompaiono da siti web e app. Alcune pagine appaiono un po’ diverse e alcuni siti possono chiederti di disattivarlo.
Many websites, apps and Windows itself quietly send data about what you do to companies that collect it.	Muchos sitios web, aplicaciones y el propio Windows envían en silencio datos sobre lo que haces a empresas que los recopilan.	De nombreux sites web, applications et Windows lui-même envoient discrètement des données sur ce que vous faites à des entreprises qui les collectent.	Viele Websites, Apps und Windows selbst senden unbemerkt Daten darüber, was du tust, an Unternehmen, die sie sammeln.	Muitos sites, aplicativos e o próprio Windows enviam discretamente dados sobre o que você faz para empresas que os coletam.	Molti siti web, app e lo stesso Windows inviano di nascosto dati su ciò che fai ad aziende che li raccolgono.
Your habits can be collected, sold and used to show you ads built around you.	Tus hábitos pueden recopilarse, venderse y usarse para mostrarte anuncios hechos a tu medida.	Vos habitudes peuvent être collectées, vendues et utilisées pour vous montrer des publicités sur mesure.	Deine Gewohnheiten können gesammelt, verkauft und für Werbung genutzt werden, die auf dich zugeschnitten ist.	Seus hábitos podem ser coletados, vendidos e usados para mostrar anúncios feitos sob medida para você.	Le tue abitudini possono essere raccolte, vendute e usate per mostrarti annunci su misura.
Those requests are stopped. Everything should work as before, but a few pages that rely on them may load oddly.	Esas solicitudes se detienen. Todo debería funcionar como antes, pero unas pocas páginas que dependen de ellas pueden cargarse de forma extraña.	Ces requêtes sont bloquées. Tout devrait fonctionner comme avant, mais quelques pages qui en dépendent peuvent s’afficher bizarrement.	Diese Anfragen werden gestoppt. Alles sollte wie bisher funktionieren, aber einige Seiten, die darauf angewiesen sind, laden eventuell seltsam.	Esses pedidos são bloqueados. Tudo deve funcionar como antes, mas algumas páginas que dependem deles podem carregar de forma estranha.	Queste richieste vengono fermate. Tutto dovrebbe funzionare come prima, ma alcune pagine che ne dipendono potrebbero caricarsi in modo strano.
Secblitz keeps a list of known scam and virus websites and updates it often.	Secblitz mantiene una lista de sitios web de estafas y virus conocidos y la actualiza con frecuencia.	Secblitz tient une liste de sites web d’arnaque et de virus connus et la met à jour souvent.	Secblitz führt eine Liste bekannter Betrugs- und Virenwebsites und aktualisiert sie oft.	O Secblitz mantém uma lista de sites de golpes e vírus conhecidos e a atualiza com frequência.	Secblitz mantiene un elenco di siti web truffa e con virus noti e lo aggiorna spesso.
A link in an email or message could take you to a fake bank page or a site that infects your PC.	Un enlace en un correo o mensaje podría llevarte a una página falsa de un banco o a un sitio que infecte tu PC.	Un lien dans un e-mail ou un message pourrait vous mener vers une fausse page de banque ou un site qui infecte votre PC.	Ein Link in einer E-Mail oder Nachricht könnte dich auf eine gefälschte Bankseite oder eine Website führen, die deinen PC infiziert.	Um link em um e-mail ou mensagem pode levar você a uma página falsa de banco ou a um site que infecta o PC.	Un link in un’e-mail o in un messaggio potrebbe portarti a una falsa pagina di una banca o a un sito che infetta il PC.
Your PC can't open websites on that list. If a safe site is blocked by mistake, pause web protection for an hour.	Tu PC no puede abrir los sitios web de esa lista. Si un sitio seguro se bloquea por error, pausa la protección web durante una hora.	Votre PC ne peut pas ouvrir les sites web de cette liste. Si un site sûr est bloqué par erreur, mettez la protection web en pause pendant une heure.	Dein PC kann Websites auf dieser Liste nicht öffnen. Wird eine sichere Website versehentlich blockiert, pausiere den Webschutz für eine Stunde.	O PC não consegue abrir os sites dessa lista. Se um site seguro for bloqueado por engano, pause a proteção da web por uma hora.	Il PC non può aprire i siti web di quell’elenco. Se un sito sicuro viene bloccato per errore, metti in pausa la protezione web per un’ora.
