Shopping and AI sidebars in your browsers	Barras de compras e IA en tus navegadores	Panneaux d'achats et d'IA dans vos navigateurs	Shopping- und KI-Seitenleisten in deinen Browsern	Barras laterais de compras e IA nos seus navegadores	Barre laterali di acquisti e IA nei tuoi browser
Usage data your browsers send	Datos de uso que envían tus navegadores	Données d'utilisation envoyées par vos navigateurs	Nutzungsdaten, die deine Browser senden	Dados de uso que seus navegadores enviam	Dati di utilizzo inviati dai tuoi browser
Stronger protection in your browsers	Protección más fuerte en tus navegadores	Protection renforcée dans vos navigateurs	Stärkerer Schutz in deinen Browsern	Proteção mais forte nos seus navegadores	Protezione più forte nei tuoi browser
Browsers use Web protection	Los navegadores usan la protección web	Les navigateurs utilisent la protection web	Browser nutzen den Webschutz	Os navegadores usam a proteção da web	I browser usano la protezione web
Shopping and AI tools in your browsers seeing the pages you visit	Herramientas de compras y de IA de tus navegadores viendo las páginas que visitas	Des outils d'achats et d'IA de vos navigateurs qui voient les pages que vous visitez	Shopping- und KI-Werkzeuge in deinen Browsern, die die Seiten sehen, die du besuchst	Ferramentas de compras e de IA dos seus navegadores vendo as páginas que você visita	Strumenti di acquisti e di IA dei tuoi browser che vedono le pagine che visiti
Your browsers reporting how you use them and what you look at	Tus navegadores informando de cómo los usas y de lo que miras	Vos navigateurs qui signalent comment vous les utilisez et ce que vous regardez	Deine Browser, die melden, wie du sie nutzt und was du dir ansiehst	Seus navegadores informando como você os usa e o que você olha	I tuoi browser che segnalano come li usi e che cosa guardi
Harmful sites and trackers getting more room in your browsers	Sitios dañinos y rastreadores con más margen en tus navegadores	Des sites dangereux et des traceurs qui ont plus de marge dans vos navigateurs	Schädliche Seiten und Tracker, die in deinen Browsern mehr Spielraum bekommen	Sites prejudiciais e rastreadores com mais espaço nos seus navegadores	Siti dannosi e traccianti che hanno più spazio nei tuoi browser
Ads, trackers and dangerous sites slipping past Web protection in your browsers	Anuncios, rastreadores y sitios peligrosos que se cuelan en tus navegadores sin pasar por la protección web	Des publicités, des traceurs et des sites dangereux qui passent entre les mailles de la protection web dans vos navigateurs	Werbung, Tracker und gefährliche Seiten, die in deinen Browsern am Webschutz vorbeikommen	Anúncios, rastreadores e sites perigosos passando pela proteção da web nos seus navegadores	Pubblicità, traccianti e siti pericolosi che superano la protezione web nei tuoi browser
Shopping and AI panels go away. Browsers will say they are managed by your organization, which only means a setting was made.	Los paneles de compras y de IA desaparecen. Los navegadores dirán que están administrados por tu organización, lo que solo significa que se hizo un ajuste.	Les panneaux d'achats et d'IA disparaissent. Les navigateurs indiqueront qu'ils sont gérés par votre organisation, ce qui signifie seulement qu'un réglage a été fait.	Die Shopping- und KI-Bereiche verschwinden. Die Browser zeigen an, dass sie von deiner Organisation verwaltet werden. Das heißt nur, dass eine Einstellung vorgenommen wurde.	Os painéis de compras e de IA desaparecem. Os navegadores dirão que são gerenciados pela sua organização, o que significa apenas que uma configuração foi feita.	I pannelli di acquisti e di IA scompaiono. I browser diranno di essere gestiti dalla tua organizzazione, il che significa solo che è stata fatta un'impostazione.
Browsers stop sending usage data. They will say they are managed by your organization, which only means a setting was made.	Los navegadores dejan de enviar datos de uso. Dirán que están administrados por tu organización, lo que solo significa que se hizo un ajuste.	Les navigateurs cessent d'envoyer des données d'utilisation. Ils indiqueront qu'ils sont gérés par votre organisation, ce qui signifie seulement qu'un réglage a été fait.	Die Browser senden keine Nutzungsdaten mehr. Sie zeigen an, dass sie von deiner Organisation verwaltet werden. Das heißt nur, dass eine Einstellung vorgenommen wurde.	Os navegadores deixam de enviar dados de uso. Eles dirão que são gerenciados pela sua organização, o que significa apenas que uma configuração foi feita.	I browser smettono di inviare dati di utilizzo. Diranno di essere gestiti dalla tua organizzazione, il che significa solo che è stata fatta un'impostazione.
Stronger protection turns on. Browsers will say they are managed by your organization, which only means a setting was made.	Se activa una protección más fuerte. Los navegadores dirán que están administrados por tu organización, lo que solo significa que se hizo un ajuste.	Une protection renforcée s'active. Les navigateurs indiqueront qu'ils sont gérés par votre organisation, ce qui signifie seulement qu'un réglage a été fait.	Ein stärkerer Schutz wird eingeschaltet. Die Browser zeigen an, dass sie von deiner Organisation verwaltet werden. Das heißt nur, dass eine Einstellung vorgenommen wurde.	Uma proteção mais forte é ativada. Os navegadores dirão que são gerenciados pela sua organização, o que significa apenas que uma configuração foi feita.	Si attiva una protezione più forte. I browser diranno di essere gestiti dalla tua organizzazione, il che significa solo che è stata fatta un'impostazione.
Keep Web protection on. Browsers will say they are managed by your organization, which only means a setting was made.	Mantén la protección web activada. Los navegadores dirán que están administrados por tu organización, lo que solo significa que se hizo un ajuste.	Gardez la protection web activée. Les navigateurs indiqueront qu'ils sont gérés par votre organisation, ce qui signifie seulement qu'un réglage a été fait.	Lass den Webschutz eingeschaltet. Die Browser zeigen an, dass sie von deiner Organisation verwaltet werden. Das heißt nur, dass eine Einstellung vorgenommen wurde.	Mantenha a proteção da web ativada. Os navegadores dirão que são gerenciados pela sua organização, o que significa apenas que uma configuração foi feita.	Tieni attiva la protezione web. I browser diranno di essere gestiti dalla tua organizzazione, il che significa solo che è stata fatta un'impostazione.
Edge and Chrome can show shopping helpers, such as price tracking and coupons, and AI side panels you never asked for.	Edge y Chrome pueden mostrar ayudantes de compras, como el seguimiento de precios y los cupones, y paneles laterales de IA que nunca pediste.	Edge et Chrome peuvent afficher des aides aux achats, comme le suivi des prix et les coupons, et des panneaux latéraux d'IA que vous n'avez jamais demandés.	Edge und Chrome können Einkaufshilfen wie Preisverfolgung und Gutscheine sowie KI-Seitenleisten zeigen, um die du nie gebeten hast.	O Edge e o Chrome podem mostrar assistentes de compras, como acompanhamento de preços e cupons, e painéis laterais de IA que você nunca pediu.	Edge e Chrome possono mostrare assistenti per gli acquisti, come il monitoraggio dei prezzi e i coupon, e pannelli laterali di IA che non hai mai chiesto.
Shopping helpers send the pages you visit to online services, and AI side panels can read what you view when you use them.	Los ayudantes de compras envían las páginas que visitas a servicios en línea, y los paneles laterales de IA pueden leer lo que ves cuando los usas.	Les aides aux achats envoient les pages que vous visitez à des services en ligne, et les panneaux latéraux d'IA peuvent lire ce que vous consultez quand vous les utilisez.	Einkaufshilfen senden die Seiten, die du besuchst, an Online-Dienste, und KI-Seitenleisten können lesen, was du ansiehst, wenn du sie benutzt.	Os assistentes de compras enviam as páginas que você visita a serviços on-line, e os painéis laterais de IA podem ler o que você vê quando os usa.	Gli assistenti per gli acquisti inviano le pagine che visiti a servizi online, e i pannelli laterali di IA possono leggere ciò che vedi quando li usi.
Shopping helpers and side panels turn off. Browsers will then say they are managed by your organization, which only means a setting was made for this whole PC.	Los ayudantes de compras y los paneles laterales se desactivan. Los navegadores dirán entonces que están administrados por tu organización, lo que solo significa que se hizo un ajuste para todo este PC.	Les aides aux achats et les panneaux latéraux se désactivent. Les navigateurs indiqueront alors qu'ils sont gérés par votre organisation, ce qui signifie seulement qu'un réglage a été fait pour tout ce PC.	Einkaufshilfen und Seitenleisten werden ausgeschaltet. Die Browser zeigen dann an, dass sie von deiner Organisation verwaltet werden. Das heißt nur, dass eine Einstellung für den ganzen PC vorgenommen wurde.	Os assistentes de compras e os painéis laterais são desativados. Os navegadores dirão então que são gerenciados pela sua organização, o que significa apenas que uma configuração foi feita para todo este PC.	Gli assistenti per gli acquisti e i pannelli laterali si disattivano. I browser diranno allora di essere gestiti dalla tua organizzazione, il che significa solo che è stata fatta un'impostazione per tutto questo PC.
Your browsers can send Microsoft, Google and Mozilla details about how you use them and what interests you.	Tus navegadores pueden enviar a Microsoft, Google y Mozilla detalles sobre cómo los usas y qué te interesa.	Vos navigateurs peuvent envoyer à Microsoft, Google et Mozilla des détails sur la façon dont vous les utilisez et sur ce qui vous intéresse.	Deine Browser können Microsoft, Google und Mozilla Angaben dazu senden, wie du sie nutzt und was dich interessiert.	Seus navegadores podem enviar à Microsoft, ao Google e à Mozilla detalhes sobre como você os usa e o que lhe interessa.	I tuoi browser possono inviare a Microsoft, Google e Mozilla dettagli su come li usi e su che cosa ti interessa.
Those details can include the sites you visit, and they are used to tailor ads and services to you.	Esos detalles pueden incluir los sitios que visitas y se usan para adaptar anuncios y servicios a ti.	Ces détails peuvent inclure les sites que vous visitez et servent à adapter les publicités et les services à votre profil.	Dazu können die Seiten gehören, die du besuchst, und sie werden genutzt, um Werbung und Dienste auf dich zuzuschneiden.	Esses detalhes podem incluir os sites que você visita e são usados para adaptar anúncios e serviços a você.	Questi dettagli possono includere i siti che visiti e servono a personalizzare pubblicità e servizi per te.
Browsers stop sending that usage data. They will then say they are managed by your organization, which only means a setting was made for this whole PC.	Los navegadores dejan de enviar esos datos de uso. Dirán entonces que están administrados por tu organización, lo que solo significa que se hizo un ajuste para todo este PC.	Les navigateurs cessent d'envoyer ces données d'utilisation. Ils indiqueront alors qu'ils sont gérés par votre organisation, ce qui signifie seulement qu'un réglage a été fait pour tout ce PC.	Die Browser senden diese Nutzungsdaten nicht mehr. Sie zeigen dann an, dass sie von deiner Organisation verwaltet werden. Das heißt nur, dass eine Einstellung für den ganzen PC vorgenommen wurde.	Os navegadores deixam de enviar esses dados de uso. Eles dirão então que são gerenciados pela sua organização, o que significa apenas que uma configuração foi feita para todo este PC.	I browser smettono di inviare questi dati di utilizzo. Diranno allora di essere gestiti dalla tua organizzazione, il che significa solo che è stata fatta un'impostazione per tutto questo PC.
Edge and Firefox have stronger modes that make it harder for harmful sites and trackers to attack your browser or follow you.	Edge y Firefox tienen modos más fuertes que dificultan que los sitios dañinos y los rastreadores ataquen tu navegador o te sigan.	Edge et Firefox ont des modes renforcés qui compliquent la tâche des sites dangereux et des traceurs pour attaquer votre navigateur ou vous suivre.	Edge und Firefox haben stärkere Modi, die es schädlichen Seiten und Trackern erschweren, deinen Browser anzugreifen oder dir zu folgen.	O Edge e o Firefox têm modos mais fortes que dificultam que sites prejudiciais e rastreadores ataquem seu navegador ou o sigam.	Edge e Firefox hanno modalità più forti che rendono più difficile a siti dannosi e traccianti attaccare il tuo browser o seguirti.
Without them, a harmful site has more room to attack your browser, and trackers can follow you from site to site.	Sin ellos, un sitio dañino tiene más margen para atacar tu navegador y los rastreadores pueden seguirte de un sitio a otro.	Sans eux, un site dangereux a plus de marge pour attaquer votre navigateur, et les traceurs peuvent vous suivre d'un site à l'autre.	Ohne sie hat eine schädliche Seite mehr Spielraum, deinen Browser anzugreifen, und Tracker können dir von Seite zu Seite folgen.	Sem eles, um site prejudicial tem mais espaço para atacar seu navegador, e os rastreadores podem segui-lo de site em site.	Senza di esse, un sito dannoso ha più spazio per attaccare il tuo browser e i traccianti possono seguirti da un sito all'altro.
A few sites may load a little slower. Browsers will say they are managed by your organization, which only means a setting was made for this whole PC.	Algunos sitios pueden cargar un poco más lento. Los navegadores dirán que están administrados por tu organización, lo que solo significa que se hizo un ajuste para todo este PC.	Quelques sites peuvent se charger un peu plus lentement. Les navigateurs indiqueront qu'ils sont gérés par votre organisation, ce qui signifie seulement qu'un réglage a été fait pour tout ce PC.	Einige Seiten laden vielleicht etwas langsamer. Die Browser zeigen an, dass sie von deiner Organisation verwaltet werden. Das heißt nur, dass eine Einstellung für den ganzen PC vorgenommen wurde.	Alguns sites podem carregar um pouco mais devagar. Os navegadores dirão que são gerenciados pela sua organização, o que significa apenas que uma configuração foi feita para todo este PC.	Alcuni siti potrebbero caricarsi un po' più lentamente. I browser diranno di essere gestiti dalla tua organizzazione, il che significa solo che è stata fatta un'impostazione per tutto questo PC.
Browsers can look up website addresses by their own private route, which skips the filtering Web protection does for the whole PC.	Los navegadores pueden buscar las direcciones de los sitios web por su propia vía privada, que se salta el filtrado que hace la protección web para todo el PC.	Les navigateurs peuvent chercher les adresses des sites web par leur propre voie privée, qui contourne le filtrage que la protection web fait pour tout le PC.	Browser können Webadressen über ihren eigenen privaten Weg nachschlagen, der die Filterung des Webschutzes für den ganzen PC umgeht.	Os navegadores podem procurar endereços de sites por uma via privada própria, que ignora a filtragem que a proteção da web faz para todo o PC.	I browser possono cercare gli indirizzi dei siti web per una via privata propria, che aggira il filtraggio che la protezione web fa per tutto il PC.
Ads, trackers and dangerous sites that Web protection blocks can still open in your browsers.	Los anuncios, rastreadores y sitios peligrosos que bloquea la protección web aún pueden abrirse en tus navegadores.	Les publicités, les traceurs et les sites dangereux que la protection web bloque peuvent quand même s'ouvrir dans vos navigateurs.	Werbung, Tracker und gefährliche Seiten, die der Webschutz blockiert, können sich in deinen Browsern trotzdem öffnen.	Anúncios, rastreadores e sites perigosos que a proteção da web bloqueia ainda podem abrir nos seus navegadores.	Pubblicità, traccianti e siti pericolosi che la protezione web blocca possono comunque aprirsi nei tuoi browser.
Browsers drop their own private lookups, so keep Web protection on. They will say they are managed by your organization, which only means a setting was made.	Los navegadores dejan de usar sus propias consultas privadas, así que mantén la protección web activada. Dirán que están administrados por tu organización, lo que solo significa que se hizo un ajuste.	Les navigateurs abandonnent leurs propres requêtes privées, donc gardez la protection web activée. Ils indiqueront qu'ils sont gérés par votre organisation, ce qui signifie seulement qu'un réglage a été fait.	Die Browser lassen ihre eigenen privaten Abfragen weg, deshalb lass den Webschutz eingeschaltet. Sie zeigen an, dass sie von deiner Organisation verwaltet werden. Das heißt nur, dass eine Einstellung vorgenommen wurde.	Os navegadores deixam de usar suas próprias consultas privadas, então mantenha a proteção da web ativada. Eles dirão que são gerenciados pela sua organização, o que significa apenas que uma configuração foi feita.	I browser smettono di usare le proprie ricerche private, quindi tieni attiva la protezione web. Diranno di essere gestiti dalla tua organizzazione, il che significa solo che è stata fatta un'impostazione.
Not offered: Web protection is off	No se ofrece: la protección web está desactivada	Non proposé : la protection web est désactivée	Nicht angeboten: Der Webschutz ist ausgeschaltet	Não oferecido: a proteção da web está desativada	Non proposto: la protezione web è disattivata
Turn on Web protection first, then check again.	Activa primero la protección web y vuelve a comprobar.	Activez d'abord la protection web, puis vérifiez à nouveau.	Schalte zuerst den Webschutz ein und prüfe dann erneut.	Ative primeiro a proteção da web e verifique de novo.	Attiva prima la protezione web, poi controlla di nuovo.
