This checks whether your version of Windows still gets safety updates from Microsoft.	Esto comprueba si tu versión de Windows aún recibe actualizaciones de seguridad de Microsoft.	Vérifie si votre version de Windows reçoit encore des mises à jour de sécurité de Microsoft.	Hier wird geprüft, ob deine Windows-Version noch Sicherheitsupdates von Microsoft bekommt.	Verifica se a sua versão do Windows ainda recebe atualizações de segurança da Microsoft.	Controlla se la tua versione di Windows riceve ancora aggiornamenti di sicurezza da Microsoft.
Once a version stops getting updates, new security holes stay open and attackers can use them on your PC.	Cuando una versión deja de recibir actualizaciones, los nuevos fallos de seguridad siguen abiertos y se pueden usar contra tu equipo.	Quand une version ne reçoit plus de mises à jour, les nouvelles failles restent ouvertes et peuvent servir à attaquer votre PC.	Bekommt eine Version keine Updates mehr, bleiben neue Sicherheitslücken offen und können gegen deinen PC genutzt werden.	Quando uma versão deixa de receber atualizações, as novas falhas de segurança ficam abertas e podem ser usadas contra o seu computador.	Quando una versione non riceve più aggiornamenti, le nuove falle restano aperte e possono essere usate contro il tuo PC.
To fix it, install the newest Windows version in Windows Update. It takes a while and needs a restart. Back up first.	Para arreglarlo, instala la versión más reciente de Windows en Windows Update. Tarda un rato y requiere reiniciar. Haz una copia antes.	Pour corriger, installez la dernière version de Windows dans Windows Update. Cela prend du temps et demande un redémarrage. Faites une sauvegarde avant.	Zur Behebung installierst du die neueste Windows-Version in Windows Update. Das dauert und braucht einen Neustart. Sichere vorher deine Dateien.	Para corrigir, instale a versão mais recente do Windows no Windows Update. Demora um pouco e exige reiniciar. Faça uma cópia antes.	Per risolvere, installa la versione più recente di Windows da Windows Update. Richiede tempo e un riavvio. Fai prima un backup.
This checks that your PC's startup security has received the newer certificates from Microsoft.	Esto comprueba que la seguridad de arranque de tu equipo haya recibido los certificados más nuevos de Microsoft.	Vérifie que la sécurité de démarrage de votre PC a reçu les nouveaux certificats de Microsoft.	Hier wird geprüft, ob der Startschutz deines PCs die neuen Zertifikate von Microsoft erhalten hat.	Verifica se a segurança de inicialização do seu computador recebeu os certificados mais recentes da Microsoft.	Controlla che la sicurezza di avvio del tuo PC abbia ricevuto i nuovi certificati di Microsoft.
Old startup certificates expire, and a PC without the new ones may stop getting startup security fixes.	Los certificados de arranque antiguos caducan, y un equipo sin los nuevos puede dejar de recibir arreglos de seguridad de arranque.	Les anciens certificats de démarrage expirent, et un PC sans les nouveaux peut ne plus recevoir de correctifs de sécurité au démarrage.	Alte Start-Zertifikate laufen ab, und ein PC ohne die neuen bekommt womöglich keine Sicherheitskorrekturen für den Start mehr.	Os certificados de inicialização antigos expiram, e um computador sem os novos pode deixar de receber correções de segurança de inicialização.	I vecchi certificati di avvio scadono e un PC senza quelli nuovi potrebbe non ricevere più correzioni di sicurezza all'avvio.
Install all Windows updates and check your PC maker's website. This app never changes your PC's startup settings.	Instala todas las actualizaciones de Windows y mira la web del fabricante. Esta app nunca cambia los ajustes de arranque de tu equipo.	Installez toutes les mises à jour Windows et consultez le site du fabricant. Cette appli ne modifie jamais les réglages de démarrage de votre PC.	Installiere alle Windows-Updates und schau auf der Website des PC-Herstellers nach. Diese App ändert nie die Starteinstellungen deines PCs.	Instale todas as atualizações do Windows e veja o site do fabricante. Este app nunca altera as definições de arranque do seu computador.	Installa tutti gli aggiornamenti di Windows e controlla il sito del produttore. Questa app non cambia mai le impostazioni di avvio del PC.
Tamper Protection stops harmful programs from switching off your virus protection.	La protección contra alteraciones impide que programas dañinos desactiven tu protección antivirus.	La protection contre les falsifications empêche les programmes nuisibles de couper votre antivirus.	Der Manipulationsschutz verhindert, dass schädliche Programme deinen Virenschutz ausschalten.	A proteção contra adulteração impede que programas nocivos desativem a sua proteção antivírus.	La protezione anti-manomissione impedisce ai programmi dannosi di disattivare l'antivirus.
Without it, malware can quietly turn off your antivirus and then do whatever it likes.	Sin ella, un programa malicioso puede apagar en silencio tu antivirus y hacer lo que quiera.	Sans elle, un logiciel malveillant peut couper discrètement votre antivirus puis faire ce qu'il veut.	Ohne ihn kann Schadsoftware den Virenschutz unbemerkt abschalten und dann tun, was sie will.	Sem ela, um programa malicioso pode desligar o antivírus em silêncio e fazer o que quiser.	Senza di essa, un malware può spegnere in silenzio l'antivirus e poi fare ciò che vuole.
Turn it on in Windows Security. You won't notice anything, but some tools can no longer change virus settings.	Actívala en Seguridad de Windows. No notarás nada, pero algunas herramientas ya no podrán cambiar los ajustes antivirus.	Activez-la dans Sécurité Windows. Vous ne verrez rien, mais certains outils ne pourront plus modifier les réglages antivirus.	Schalte ihn in der Windows-Sicherheit ein. Du merkst nichts, aber manche Tools können die Virenschutz-Einstellungen nicht mehr ändern.	Ative-a na Segurança do Windows. Não vai notar nada, mas algumas ferramentas deixam de poder alterar as definições antivírus.	Attivala in Sicurezza di Windows. Non noterai nulla, ma alcuni strumenti non potranno più cambiare le impostazioni dell'antivirus.
This looks for harmful files that Windows Security found and has not finished dealing with.	Esto busca archivos dañinos que Seguridad de Windows ha encontrado y aún no ha terminado de resolver.	Recherche les fichiers nuisibles que Sécurité Windows a trouvés et n'a pas fini de traiter.	Hier wird nach schädlichen Dateien gesucht, die die Windows-Sicherheit gefunden, aber noch nicht erledigt hat.	Procura ficheiros nocivos que a Segurança do Windows encontrou e ainda não terminou de tratar.	Cerca i file dannosi che Sicurezza di Windows ha trovato e non ha ancora finito di gestire.
A harmful file left in place can steal passwords or damage your files.	Un archivo dañino que se queda donde está puede robar contraseñas o dañar tus archivos.	Un fichier nuisible laissé en place peut voler des mots de passe ou abîmer vos fichiers.	Eine schädliche Datei, die bleibt, kann Passwörter stehlen oder deine Dateien beschädigen.	Um ficheiro nocivo deixado no lugar pode roubar palavras-passe ou danificar os seus ficheiros.	Un file dannoso lasciato dov'è può rubare password o danneggiare i tuoi file.
Open Windows Security and follow the steps for each item, or run a quick scan. Nothing is deleted for you.	Abre Seguridad de Windows y sigue los pasos de cada elemento, o haz un análisis rápido. No se borra nada por ti.	Ouvrez Sécurité Windows et suivez les étapes pour chaque élément, ou lancez une analyse rapide. Rien n'est supprimé à votre place.	Öffne die Windows-Sicherheit und folge den Schritten für jeden Eintrag, oder starte einen Schnellscan. Es wird nichts für dich gelöscht.	Abra a Segurança do Windows e siga os passos de cada item, ou faça uma análise rápida. Nada é apagado por si.	Apri Sicurezza di Windows e segui i passaggi per ogni elemento, oppure avvia una scansione rapida. Non viene cancellato nulla al posto tuo.
Windows Security can be told to skip some places or programs. This checks that the skipped list is not risky.	A Seguridad de Windows se le puede decir que ignore ciertos lugares o programas. Esto comprueba que esa lista no sea peligrosa.	On peut demander à Sécurité Windows d'ignorer certains emplacements ou programmes. Ceci vérifie que cette liste n'est pas risquée.	Die Windows-Sicherheit kann Orte oder Programme überspringen. Hier wird geprüft, ob diese Liste riskant ist.	A Segurança do Windows pode ignorar certos locais ou programas. Isto verifica se essa lista não é arriscada.	Sicurezza di Windows può ignorare alcuni percorsi o programmi. Questo controlla che l'elenco non sia rischioso.
Harmful programs can hide in a skipped place, because your virus protection never looks there.	Los programas dañinos pueden esconderse en un lugar ignorado, porque tu antivirus nunca mira allí.	Les programmes nuisibles peuvent se cacher dans un emplacement ignoré, car votre antivirus n'y regarde jamais.	Schädliche Programme können sich an einem übersprungenen Ort verstecken, weil dein Virenschutz dort nie nachsieht.	Programas nocivos podem esconder-se num local ignorado, porque o antivírus nunca olha lá.	I programmi dannosi possono nascondersi in un percorso ignorato, perché l'antivirus non lo controlla mai.
Look at the list in Windows Security and remove entries you don't know. Some games or tools may need a few.	Mira la lista en Seguridad de Windows y quita lo que no conozcas. Algunos juegos o herramientas pueden necesitar alguno.	Consultez la liste dans Sécurité Windows et retirez ce que vous ne connaissez pas. Certains jeux ou outils en ont besoin.	Sieh dir die Liste in der Windows-Sicherheit an und entferne Einträge, die du nicht kennst. Manche Spiele oder Tools brauchen einige.	Veja a lista na Segurança do Windows e remova o que não conhece. Alguns jogos ou ferramentas podem precisar de alguns.	Guarda l'elenco in Sicurezza di Windows e rimuovi ciò che non conosci. Alcuni giochi o strumenti ne hanno bisogno.
This checks when your PC was last scanned for viruses.	Esto comprueba cuándo se analizó tu equipo por última vez en busca de virus.	Vérifie quand votre PC a été analysé pour la dernière fois.	Hier wird geprüft, wann dein PC zuletzt auf Viren untersucht wurde.	Verifica quando o seu computador foi analisado pela última vez à procura de vírus.	Controlla quando il tuo PC è stato analizzato per l'ultima volta alla ricerca di virus.
Without regular scans, a harmful file that slipped in can stay hidden for weeks.	Sin análisis regulares, un archivo dañino que se haya colado puede pasar semanas oculto.	Sans analyses régulières, un fichier nuisible qui s'est glissé peut rester caché des semaines.	Ohne regelmäßige Scans kann sich eine eingeschleuste schädliche Datei wochenlang verstecken.	Sem análises regulares, um ficheiro nocivo que entrou pode ficar escondido durante semanas.	Senza scansioni regolari, un file dannoso entrato nel PC può restare nascosto per settimane.
Run a quick scan. It takes a few minutes and you can keep using your PC.	Haz un análisis rápido. Tarda unos minutos y puedes seguir usando tu equipo.	Lancez une analyse rapide. Elle prend quelques minutes et vous pouvez continuer à utiliser votre PC.	Starte einen Schnellscan. Er dauert ein paar Minuten, und du kannst den PC weiter nutzen.	Faça uma análise rápida. Demora alguns minutos e pode continuar a usar o computador.	Avvia una scansione rapida. Richiede pochi minuti e puoi continuare a usare il PC.
This is the warning Windows shows before you run an unknown or risky download.	Es el aviso que Windows muestra antes de ejecutar una descarga desconocida o arriesgada.	C'est l'avertissement que Windows affiche avant d'ouvrir un téléchargement inconnu ou risqué.	Das ist die Warnung, die Windows zeigt, bevor du einen unbekannten oder riskanten Download startest.	É o aviso que o Windows mostra antes de executar uma transferência desconhecida ou arriscada.	È l'avviso che Windows mostra prima di eseguire un download sconosciuto o rischioso.
Without it, you could open a fake installer from a website or email with no warning at all.	Sin él, podrías abrir un instalador falso de una web o un correo sin ningún aviso.	Sans lui, vous pourriez ouvrir un faux installateur venu d'un site ou d'un e-mail sans aucun avertissement.	Ohne sie könntest du ein gefälschtes Installationsprogramm von einer Website oder aus einer E-Mail ohne jede Warnung öffnen.	Sem ele, poderia abrir um instalador falso de um site ou e-mail sem qualquer aviso.	Senza di esso potresti aprire un falso programma di installazione da un sito o da un'e-mail senza alcun avviso.
Turn it on in Windows Security. You'll see an extra warning sometimes when you open unfamiliar downloads.	Actívalo en Seguridad de Windows. A veces verás un aviso extra al abrir descargas poco conocidas.	Activez-le dans Sécurité Windows. Vous verrez parfois un avertissement en plus pour les téléchargements peu connus.	Schalte sie in der Windows-Sicherheit ein. Bei unbekannten Downloads siehst du manchmal eine zusätzliche Warnung.	Ative-o na Segurança do Windows. Por vezes verá um aviso extra ao abrir transferências pouco conhecidas.	Attivalo in Sicurezza di Windows. A volte vedrai un avviso in più aprendo download poco noti.
This checks that Edge and Chrome can still warn you about dangerous websites.	Esto comprueba que Edge y Chrome aún pueden avisarte de sitios web peligrosos.	Vérifie qu'Edge et Chrome peuvent encore vous prévenir des sites dangereux.	Hier wird geprüft, ob Edge und Chrome dich noch vor gefährlichen Websites warnen können.	Verifica se o Edge e o Chrome ainda o podem avisar sobre sites perigosos.	Controlla che Edge e Chrome possano ancora avvisarti dei siti pericolosi.
A browser that doesn't warn you may let you walk into a fake bank or shopping page.	Un navegador que no avisa puede dejarte entrar en una falsa web de banco o de compras.	Un navigateur qui ne prévient pas peut vous laisser entrer sur une fausse page de banque ou de boutique.	Ein Browser ohne Warnung lässt dich leicht auf eine gefälschte Bank- oder Shopseite geraten.	Um navegador que não avisa pode deixá-lo entrar numa página falsa de banco ou de compras.	Un browser che non avvisa può farti entrare in una finta pagina di banca o di acquisti.
Ask whoever set up this PC, since a setting turned the warnings off. Once on, risky sites get a warning page.	Pregunta a quien configuró este equipo, porque un ajuste apagó los avisos. Al activarlos, los sitios peligrosos mostrarán una página de aviso.	Demandez à la personne qui a configuré ce PC : un réglage a coupé les avertissements. Une fois actifs, les sites risqués affichent une page d'alerte.	Frag die Person, die diesen PC eingerichtet hat, denn eine Einstellung hat die Warnungen abgeschaltet. Danach zeigen riskante Seiten eine Warnseite.	Pergunte a quem configurou este computador, pois uma definição desligou os avisos. Depois de ativos, os sites arriscados mostram uma página de aviso.	Chiedi a chi ha configurato questo PC, perché un'impostazione ha spento gli avvisi. Una volta attivi, i siti rischiosi mostrano una pagina di avviso.
Smart App Control blocks apps that Microsoft doesn't trust. This just shows whether it is on.	El control inteligente de aplicaciones bloquea apps en las que Microsoft no confía. Esto solo indica si está activado.	Le contrôle intelligent des applications bloque les applis auxquelles Microsoft ne fait pas confiance. Ceci indique seulement s'il est actif.	Die intelligente App-Kontrolle blockiert Apps, denen Microsoft nicht vertraut. Hier siehst du nur, ob sie an ist.	O Controlo Inteligente de Aplicações bloqueia apps em que a Microsoft não confia. Isto só mostra se está ativo.	Il controllo intelligente delle app blocca le app di cui Microsoft non si fida. Qui si vede solo se è attivo.
Without it, a brand-new harmful program is less likely to be stopped before it runs.	Sin él, es menos probable que se detenga un programa dañino totalmente nuevo antes de que se ejecute.	Sans lui, un programme nuisible tout nouveau a moins de chances d'être arrêté avant de se lancer.	Ohne sie wird ein ganz neues schädliches Programm seltener gestoppt, bevor es läuft.	Sem ele, é menos provável que um programa nocivo totalmente novo seja travado antes de correr.	Senza di esso è meno probabile che un programma dannoso nuovo venga fermato prima di partire.
Nothing to do here. Once it is off, Windows can only turn it back on after a fresh install, so this app leaves it alone.	Aquí no hay nada que hacer. Una vez apagado, Windows solo puede reactivarlo tras una instalación limpia, así que esta app no lo toca.	Rien à faire ici. Une fois coupé, Windows ne peut le réactiver qu'après une réinstallation, donc cette appli n'y touche pas.	Hier gibt es nichts zu tun. Ist sie einmal aus, geht sie nur nach einer Neuinstallation wieder an, deshalb lässt diese App sie in Ruhe.	Não há nada a fazer aqui. Depois de desligado, o Windows só o volta a ligar após uma reinstalação, por isso este app não lhe mexe.	Qui non c'è nulla da fare. Una volta spento, Windows può riattivarlo solo dopo una nuova installazione, quindi questa app non lo tocca.
This checks whether Windows updates are paused.	Esto comprueba si las actualizaciones de Windows están en pausa.	Vérifie si les mises à jour de Windows sont suspendues.	Hier wird geprüft, ob die Windows-Updates pausiert sind.	Verifica se as atualizações do Windows estão em pausa.	Controlla se gli aggiornamenti di Windows sono in pausa.
While updates are paused, known security holes stay open on your PC.	Mientras las actualizaciones están en pausa, los fallos de seguridad conocidos siguen abiertos en tu equipo.	Tant que les mises à jour sont suspendues, les failles connues restent ouvertes sur votre PC.	Solange Updates pausiert sind, bleiben bekannte Sicherheitslücken auf deinem PC offen.	Enquanto as atualizações estão em pausa, as falhas de segurança conhecidas ficam abertas no seu computador.	Finché gli aggiornamenti sono in pausa, le falle note restano aperte sul tuo PC.
Resume updates in Windows Update. Your PC will download updates and may ask for a restart.	Reanuda las actualizaciones en Windows Update. Tu equipo las descargará y puede pedir un reinicio.	Reprenez les mises à jour dans Windows Update. Votre PC les téléchargera et pourra demander un redémarrage.	Setze die Updates in Windows Update fort. Dein PC lädt sie herunter und fragt eventuell nach einem Neustart.	Retome as atualizações no Windows Update. O computador vai transferi-las e pode pedir para reiniciar.	Riprendi gli aggiornamenti da Windows Update. Il PC li scaricherà e potrebbe chiedere un riavvio.
This checks whether Windows is told to skip driver updates for your hardware.	Esto comprueba si se le ha dicho a Windows que omita las actualizaciones de controladores de tu hardware.	Vérifie si Windows doit ignorer les mises à jour des pilotes de votre matériel.	Hier wird geprüft, ob Windows angewiesen ist, Treiber-Updates für deine Hardware zu überspringen.	Verifica se o Windows foi instruído a ignorar atualizações de controladores do seu equipamento.	Controlla se a Windows è stato detto di saltare gli aggiornamenti dei driver dell'hardware.
Old drivers can leave bugs or security holes in things like Wi-Fi and graphics.	Los controladores antiguos pueden dejar errores o fallos de seguridad en cosas como el Wi-Fi y los gráficos.	De vieux pilotes peuvent laisser des bogues ou des failles dans le Wi-Fi, les graphismes et autres.	Alte Treiber können Fehler oder Sicherheitslücken bei WLAN, Grafik und mehr hinterlassen.	Controladores antigos podem deixar erros ou falhas de segurança no Wi-Fi, nos gráficos e noutros componentes.	I driver vecchi possono lasciare errori o falle in cose come il Wi-Fi e la grafica.
Nothing to change if it was on purpose. Some people skip drivers to avoid problems after updates.	No hay que cambiar nada si fue a propósito. Algunas personas omiten los controladores para evitar problemas tras las actualizaciones.	Rien à changer si c'est voulu. Certains ignorent les pilotes pour éviter des problèmes après les mises à jour.	Nichts zu ändern, wenn es Absicht war. Manche überspringen Treiber, um Probleme nach Updates zu vermeiden.	Não precisa de mudar nada se foi de propósito. Algumas pessoas ignoram controladores para evitar problemas após as atualizações.	Non c'è nulla da cambiare se è voluto. Alcuni saltano i driver per evitare problemi dopo gli aggiornamenti.
This checks whether your PC has been waiting a long time for a restart to finish an update.	Esto comprueba si tu equipo lleva mucho tiempo esperando un reinicio para terminar una actualización.	Vérifie si votre PC attend depuis longtemps un redémarrage pour terminer une mise à jour.	Hier wird geprüft, ob dein PC schon lange auf einen Neustart wartet, um ein Update abzuschließen.	Verifica se o seu computador está há muito tempo à espera de reiniciar para concluir uma atualização.	Controlla se il tuo PC aspetta da tempo un riavvio per completare un aggiornamento.
Until you restart, the update isn't fully in place, so the hole it fixes may still be open.	Hasta que reinicies, la actualización no está del todo aplicada, así que el fallo que corrige puede seguir abierto.	Tant que vous ne redémarrez pas, la mise à jour n'est pas complète, donc la faille corrigée peut rester ouverte.	Bis zum Neustart ist das Update nicht ganz wirksam, die geschlossene Lücke kann also noch offen sein.	Até reiniciar, a atualização não está totalmente aplicada, por isso a falha que corrige pode continuar aberta.	Finché non riavvii, l'aggiornamento non è del tutto attivo, quindi la falla che risolve può essere ancora aperta.
Restart when it suits you. Save your work first. This app never restarts your PC for you.	Reinicia cuando te convenga. Guarda antes tu trabajo. Esta app nunca reinicia tu equipo por ti.	Redémarrez quand cela vous convient, après avoir enregistré votre travail. Cette appli ne redémarre jamais votre PC à votre place.	Starte neu, wenn es dir passt, und speichere vorher deine Arbeit. Diese App startet deinen PC nie von selbst neu.	Reinicie quando lhe convier e guarde antes o seu trabalho. Este app nunca reinicia o computador por si.	Riavvia quando ti è comodo, dopo aver salvato il lavoro. Questa app non riavvia mai il PC al posto tuo.
This is a very old part of Windows' command tool that almost nobody needs anymore.	Es una parte muy antigua de la herramienta de comandos de Windows que casi nadie necesita ya.	C'est une très ancienne partie de l'outil de commandes de Windows dont presque personne n'a plus besoin.	Das ist ein sehr alter Teil des Windows-Befehlstools, den fast niemand mehr braucht.	É uma parte muito antiga da ferramenta de comandos do Windows de que quase ninguém precisa já.	È una parte molto vecchia dello strumento a comandi di Windows di cui quasi nessuno ha più bisogno.
Attackers like it because it skips newer safety checks, so harmful scripts can run unnoticed.	A los atacantes les gusta porque se salta las comprobaciones de seguridad nuevas, y así los scripts dañinos pasan desapercibidos.	Les attaquants l'apprécient car il évite les contrôles récents, ce qui permet à des scripts nuisibles de passer inaperçus.	Angreifer mögen ihn, weil er neuere Sicherheitsprüfungen umgeht und schädliche Skripte unbemerkt laufen können.	Os atacantes gostam dele porque ignora as verificações de segurança mais recentes, e scripts nocivos passam despercebidos.	Gli attaccanti lo apprezzano perché salta i controlli di sicurezza più nuovi, così script dannosi passano inosservati.
You can remove it in Windows Features. Very old scripts may stop working; normal use isn't affected.	Puedes quitarlo en Características de Windows. Algunos scripts muy antiguos pueden dejar de funcionar; el uso normal no se ve afectado.	Vous pouvez le retirer dans Fonctionnalités de Windows. De très vieux scripts peuvent cesser de marcher ; l'usage normal n'est pas touché.	Du kannst es in den Windows-Features entfernen. Sehr alte Skripte laufen eventuell nicht mehr; die normale Nutzung bleibt unberührt.	Pode removê-lo nas Funcionalidades do Windows. Scripts muito antigos podem deixar de funcionar; o uso normal não é afetado.	Puoi rimuoverlo da Funzionalità di Windows. Script molto vecchi potrebbero smettere di funzionare; l'uso normale non cambia.
This is a small file on your PC that can send website names to other places.	Es un pequeño archivo de tu equipo que puede desviar nombres de sitios web a otros lugares.	C'est un petit fichier de votre PC qui peut rediriger des noms de sites vers d'autres adresses.	Das ist eine kleine Datei auf deinem PC, die Website-Namen an andere Orte umleiten kann.	É um pequeno ficheiro no seu computador que pode desviar nomes de sites para outros locais.	È un piccolo file sul tuo PC che può dirottare i nomi dei siti verso altri indirizzi.
A bad entry can send you to a fake bank site, or block your antivirus from updating.	Una entrada falsa puede llevarte a una web de banco falsa o impedir que tu antivirus se actualice.	Une entrée piégée peut vous envoyer vers un faux site de banque ou empêcher votre antivirus de se mettre à jour.	Ein falscher Eintrag kann dich auf eine gefälschte Bankseite leiten oder verhindern, dass sich dein Virenschutz aktualisiert.	Uma entrada falsa pode levá-lo a um site de banco falso ou impedir o antivírus de se atualizar.	Una voce falsa può portarti su un finto sito di banca o impedire all'antivirus di aggiornarsi.
Have someone you trust look at it. Resetting it to the Windows default fixes bad entries. This app doesn't edit it.	Pide a alguien de confianza que lo revise. Restablecerlo al valor de Windows elimina las entradas malas. Esta app no lo edita.	Faites-le examiner par quelqu'un de confiance. Le rétablir par défaut supprime les entrées douteuses. Cette appli ne le modifie pas.	Lass eine vertraute Person nachsehen. Das Zurücksetzen auf den Windows-Standard entfernt falsche Einträge. Diese App ändert die Datei nicht.	Peça a alguém de confiança para a ver. Repô-la ao padrão do Windows elimina entradas más. Este app não a edita.	Fallo controllare a una persona fidata. Ripristinarlo al valore predefinito di Windows elimina le voci sbagliate. Questa app non lo modifica.
This counts hidden triggers that can start programs on your PC without showing up in the usual start-up lists.	Esto cuenta los disparadores ocultos que pueden iniciar programas sin aparecer en las listas de inicio habituales.	Compte les déclencheurs cachés qui peuvent lancer des programmes sans figurer dans les listes de démarrage habituelles.	Hier werden versteckte Auslöser gezählt, die Programme starten können, ohne in den üblichen Startlisten zu erscheinen.	Conta os acionadores ocultos que podem iniciar programas sem aparecer nas listas de arranque habituais.	Conta i trigger nascosti che possono avviare programmi senza comparire negli elenchi di avvio abituali.
Some malware uses these to come back after you remove it, with nothing visible.	Algunos programas maliciosos los usan para volver tras eliminarlos, sin que se vea nada.	Certains logiciels malveillants s'en servent pour revenir après suppression, sans rien montrer.	Manche Schadsoftware nutzt sie, um nach dem Entfernen zurückzukehren, ohne dass etwas sichtbar ist.	Alguns programas maliciosos usam-nos para voltar depois de removidos, sem que nada seja visível.	Alcuni malware li usano per tornare dopo la rimozione, senza che si veda nulla.
Ask someone who knows PCs to review them. Some hardware and management tools use them on purpose, so nothing is removed for you.	Pide a alguien que sepa de equipos que los revise. Algunas herramientas de hardware o gestión los usan a propósito, así que no se quita nada por ti.	Demandez à quelqu'un qui s'y connaît de les examiner. Certains outils matériels ou de gestion les utilisent volontairement, rien n'est retiré à votre place.	Lass sie von jemandem prüfen, der sich auskennt. Manche Hardware- und Verwaltungstools nutzen sie absichtlich, daher wird nichts für dich entfernt.	Peça a alguém que perceba de computadores para os rever. Algumas ferramentas de equipamento ou gestão usam-nos de propósito, por isso nada é removido por si.	Chiedi a qualcuno esperto di PC di controllarli. Alcuni strumenti hardware o di gestione li usano di proposito, quindi non viene rimosso nulla al posto tuo.
This looks for background programs that are set up in a way an attacker could trick.	Esto busca programas en segundo plano configurados de una forma que un atacante podría engañar.	Recherche les programmes d'arrière-plan configurés d'une façon qu'un attaquant pourrait détourner.	Hier wird nach Hintergrundprogrammen gesucht, die so eingerichtet sind, dass ein Angreifer sie austricksen könnte.	Procura programas em segundo plano configurados de uma forma que um atacante poderia enganar.	Cerca i programmi in background configurati in un modo che un attaccante potrebbe ingannare.
Someone without admin rights could plant a program that Windows then starts with full power.	Alguien sin derechos de administrador podría colocar un programa que Windows luego inicie con todos los permisos.	Quelqu'un sans droits d'administrateur pourrait déposer un programme que Windows lancerait ensuite avec tous les droits.	Jemand ohne Administratorrechte könnte ein Programm einschleusen, das Windows dann mit vollen Rechten startet.	Alguém sem direitos de administrador podia colocar um programa que o Windows depois inicia com todos os poderes.	Qualcuno senza diritti di amministratore potrebbe inserire un programma che Windows poi avvia con tutti i privilegi.
The software maker or a helper can correct it. This app never edits these settings.	El fabricante del software o un ayudante puede corregirlo. Esta app nunca edita estos ajustes.	L'éditeur du logiciel ou un proche qui s'y connaît peut le corriger. Cette appli ne modifie jamais ces réglages.	Der Softwarehersteller oder ein Helfer kann das korrigieren. Diese App ändert diese Einstellungen nie.	O fabricante do software ou um ajudante pode corrigir. Este app nunca edita estas definições.	Il produttore del software o un esperto può correggerlo. Questa app non modifica mai queste impostazioni.
This counts accounts on your PC that are switched on but haven't been used in months.	Esto cuenta las cuentas de tu equipo que están activas pero no se usan desde hace meses.	Compte les comptes de votre PC qui sont actifs mais inutilisés depuis des mois.	Hier werden Konten auf deinem PC gezählt, die aktiv sind, aber seit Monaten nicht genutzt wurden.	Conta as contas do seu computador que estão ativas mas não são usadas há meses.	Conta gli account del tuo PC attivi ma non usati da mesi.
Nobody notices a forgotten account, so someone could sign in to it and use your PC unseen.	Nadie nota una cuenta olvidada, así que alguien podría entrar con ella y usar tu equipo sin ser visto.	Personne ne remarque un compte oublié : quelqu'un pourrait s'y connecter et utiliser votre PC sans être vu.	Ein vergessenes Konto fällt niemandem auf, daher könnte sich jemand unbemerkt darin anmelden und deinen PC nutzen.	Ninguém repara numa conta esquecida, por isso alguém podia entrar nela e usar o computador sem ser visto.	Nessuno nota un account dimenticato, quindi qualcuno potrebbe accedervi e usare il PC senza farsi vedere.
Turn off or remove accounts nobody uses, in Settings. Check first that no family member still needs one.	Desactiva o quita en Configuración las cuentas que nadie usa. Comprueba antes que ningún familiar aún la necesite.	Désactivez ou supprimez dans Paramètres les comptes que personne n'utilise. Vérifiez d'abord qu'aucun proche n'en a besoin.	Schalte in den Einstellungen Konten aus oder entferne sie, die niemand nutzt. Prüfe vorher, ob niemand aus der Familie sie noch braucht.	Desative ou remova nas Definições as contas que ninguém usa. Confirme antes que nenhum familiar ainda precisa de uma.	Disattiva o rimuovi dalle Impostazioni gli account che nessuno usa. Controlla prima che nessuno in famiglia ne abbia ancora bisogno.
This looks for folders on your PC that other people on your network can open.	Esto busca carpetas de tu equipo que otras personas de tu red pueden abrir.	Recherche les dossiers de votre PC que d'autres personnes du réseau peuvent ouvrir.	Hier wird nach Ordnern auf deinem PC gesucht, die andere in deinem Netzwerk öffnen können.	Procura pastas no seu computador que outras pessoas na rede podem abrir.	Cerca le cartelle del tuo PC che altre persone sulla rete possono aprire.
On a shared or café network, strangers could read or change files in a folder shared with everyone.	En una red compartida o de cafetería, desconocidos podrían leer o cambiar archivos de una carpeta compartida con todos.	Sur un réseau partagé ou de café, des inconnus pourraient lire ou modifier les fichiers d'un dossier partagé avec tous.	In einem gemeinsamen oder Café-Netzwerk könnten Fremde Dateien in einem für alle freigegebenen Ordner lesen oder ändern.	Numa rede partilhada ou de café, desconhecidos podiam ler ou alterar ficheiros de uma pasta partilhada com todos.	In una rete condivisa o di un bar, degli sconosciuti potrebbero leggere o modificare i file di una cartella condivisa con tutti.
Stop sharing folders you don't need. Devices at home or work that use a shared folder will stop seeing it.	Deja de compartir las carpetas que no necesites. Los dispositivos de casa o del trabajo que usan una carpeta compartida dejarán de verla.	Arrêtez de partager les dossiers inutiles. Les appareils de la maison ou du travail qui l'utilisent ne la verront plus.	Beende die Freigabe von Ordnern, die du nicht brauchst. Geräte zu Hause oder bei der Arbeit, die einen freigegebenen Ordner nutzen, sehen ihn dann nicht mehr.	Deixe de partilhar as pastas de que não precisa. Os dispositivos de casa ou do trabalho que usam uma pasta partilhada deixam de a ver.	Smetti di condividere le cartelle che non ti servono. I dispositivi di casa o del lavoro che usano una cartella condivisa non la vedranno più.
This shows whether file sharing on your PC scrambles its traffic so others can't read it.	Esto indica si el uso compartido de archivos de tu equipo cifra su tráfico para que otros no puedan leerlo.	Indique si le partage de fichiers de votre PC chiffre ses échanges pour que personne ne puisse les lire.	Hier siehst du, ob die Dateifreigabe deines PCs ihren Datenverkehr verschlüsselt, damit andere ihn nicht lesen können.	Mostra se a partilha de ficheiros do seu computador cifra o tráfego para que outros não o possam ler.	Mostra se la condivisione file del tuo PC cifra il traffico in modo che gli altri non possano leggerlo.
Without it, someone on the same network could read files while they travel to another device.	Sin ello, alguien de la misma red podría leer archivos mientras viajan a otro dispositivo.	Sans cela, quelqu'un sur le même réseau pourrait lire des fichiers pendant leur transfert vers un autre appareil.	Ohne sie könnte jemand im selben Netzwerk Dateien mitlesen, während sie zu einem anderen Gerät übertragen werden.	Sem isso, alguém na mesma rede podia ler ficheiros enquanto viajam para outro dispositivo.	Senza di essa, qualcuno sulla stessa rete potrebbe leggere i file mentre viaggiano verso un altro dispositivo.
Shown for information only. Turning it on can stop very old devices, such as old scanners, from connecting.	Solo se muestra como información. Activarlo puede impedir que se conecten dispositivos muy antiguos, como escáneres viejos.	Affiché à titre d'information. L'activer peut empêcher la connexion de très vieux appareils, comme d'anciens scanners.	Nur zur Information. Eingeschaltet können sich sehr alte Geräte, etwa alte Scanner, womöglich nicht mehr verbinden.	Mostrado apenas para informação. Ativá-lo pode impedir a ligação de dispositivos muito antigos, como digitalizadores velhos.	Solo a titolo informativo. Attivarlo può impedire la connessione di dispositivi molto vecchi, come vecchi scanner.
This looks for apps in your Downloads, Desktop or Temp folders that are allowed to receive connections from the internet.	Esto busca apps de tus carpetas Descargas, Escritorio o Temp que pueden recibir conexiones desde internet.	Recherche les applis de vos dossiers Téléchargements, Bureau ou Temp autorisées à recevoir des connexions depuis internet.	Hier wird nach Apps in Downloads, Desktop oder Temp gesucht, die Verbindungen aus dem Internet annehmen dürfen.	Procura apps nas pastas Transferências, Ambiente de trabalho ou Temp que podem receber ligações da internet.	Cerca le app nelle cartelle Download, Desktop o Temp che possono ricevere connessioni da internet.
A harmful app in one of those folders could let attackers connect straight to your PC.	Una app dañina en una de esas carpetas podría dejar que los atacantes se conecten directamente a tu equipo.	Une appli nuisible dans l'un de ces dossiers pourrait laisser des attaquants se connecter directement à votre PC.	Eine schädliche App in einem dieser Ordner könnte Angreifern eine direkte Verbindung zu deinem PC ermöglichen.	Uma app nociva numa dessas pastas podia deixar atacantes ligarem-se diretamente ao seu computador.	Un'app dannosa in una di quelle cartelle potrebbe lasciare che gli attaccanti si colleghino direttamente al tuo PC.
Remove rules you don't recognise in Windows Firewall. Online games may need some, and may ask again.	Quita en el Firewall de Windows las reglas que no reconozcas. Algunos juegos en línea pueden necesitar alguna y volver a pedirla.	Supprimez dans le Pare-feu Windows les règles que vous ne reconnaissez pas. Certains jeux en ligne en ont besoin et peuvent les redemander.	Entferne in der Windows-Firewall Regeln, die du nicht kennst. Online-Spiele brauchen manche davon und fragen eventuell erneut.	Remova na Firewall do Windows as regras que não reconhece. Alguns jogos online podem precisar de algumas e voltar a pedir.	Rimuovi dal Firewall di Windows le regole che non riconosci. Alcuni giochi online ne richiedono e potrebbero chiederle di nuovo.
This checks whether the account you use every day is an administrator account.	Esto comprueba si la cuenta que usas a diario es una cuenta de administrador.	Vérifie si le compte que vous utilisez tous les jours est un compte administrateur.	Hier wird geprüft, ob das Konto, das du täglich nutzt, ein Administratorkonto ist.	Verifica se a conta que usa todos os dias é uma conta de administrador.	Controlla se l'account che usi ogni giorno è un account amministratore.
If a harmful program runs under an administrator account, it can change anything on your PC.	Si un programa dañino se ejecuta con una cuenta de administrador, puede cambiar cualquier cosa de tu equipo.	Si un programme nuisible s'exécute sous un compte administrateur, il peut tout modifier sur votre PC.	Läuft ein schädliches Programm unter einem Administratorkonto, kann es alles auf deinem PC verändern.	Se um programa nocivo correr numa conta de administrador, pode alterar qualquer coisa no computador.	Se un programma dannoso gira con un account amministratore, può cambiare qualsiasi cosa sul tuo PC.
Make a normal account for daily use and keep this one for installing things. You'll type a password to install apps.	Crea una cuenta normal para el día a día y deja esta para instalar cosas. Tendrás que escribir una contraseña para instalar apps.	Créez un compte normal pour l'usage quotidien et gardez celui-ci pour installer des choses. Vous saisirez un mot de passe pour installer des applis.	Lege ein normales Konto für den Alltag an und nutze dieses nur zum Installieren. Zum Installieren von Apps gibst du ein Passwort ein.	Crie uma conta normal para o dia a dia e guarde esta para instalar coisas. Vai escrever uma palavra-passe para instalar apps.	Crea un account normale per l'uso quotidiano e tieni questo per installare. Dovrai digitare una password per installare le app.
This checks whether you have a PIN or Windows Hello (face or fingerprint) set up to sign in.	Esto comprueba si tienes un PIN o Windows Hello (cara o huella) para iniciar sesión.	Vérifie si vous avez un code PIN ou Windows Hello (visage ou empreinte) pour vous connecter.	Hier wird geprüft, ob du eine PIN oder Windows Hello (Gesicht oder Fingerabdruck) zum Anmelden eingerichtet hast.	Verifica se tem um PIN ou o Windows Hello (rosto ou impressão digital) configurado para iniciar sessão.	Controlla se hai un PIN o Windows Hello (volto o impronta) per accedere.
Without one you sign in with your long password, which people can watch you type or steal from a website.	Sin uno, entras con tu contraseña larga, que pueden verte escribir o robar desde una web.	Sans cela, vous vous connectez avec votre long mot de passe, que l'on peut regarder saisir ou voler sur un site.	Ohne sie meldest du dich mit deinem langen Passwort an, das man beim Tippen beobachten oder über eine Website stehlen kann.	Sem um, inicia sessão com a palavra-passe longa, que podem ver a escrever ou roubar através de um site.	Senza, accedi con la tua password lunga, che possono vederti digitare o rubare da un sito.
Add a PIN in Sign-in options. It only works on this PC, and signing in gets faster. Your password still works.	Añade un PIN en Opciones de inicio de sesión. Solo funciona en este equipo y entrar es más rápido. Tu contraseña sigue funcionando.	Ajoutez un code PIN dans Options de connexion. Il ne marche que sur ce PC et la connexion est plus rapide. Votre mot de passe fonctionne toujours.	Füge in den Anmeldeoptionen eine PIN hinzu. Sie gilt nur auf diesem PC, und die Anmeldung geht schneller. Dein Passwort funktioniert weiterhin.	Adicione um PIN em Opções de início de sessão. Só funciona neste computador e o início de sessão fica mais rápido. A palavra-passe continua a funcionar.	Aggiungi un PIN in Opzioni di accesso. Vale solo su questo PC e l'accesso diventa più veloce. La password continua a funzionare.
Find my device lets you see where a lost laptop is and lock it.	Encontrar mi dispositivo te permite ver dónde está un portátil perdido y bloquearlo.	Localiser mon appareil permet de voir où se trouve un portable perdu et de le verrouiller.	Mein Gerät suchen zeigt dir, wo ein verlorener Laptop ist, und lässt dich ihn sperren.	Localizar o meu dispositivo permite ver onde está um portátil perdido e bloqueá-lo.	Trova il mio dispositivo ti mostra dov'è un portatile smarrito e te lo fa bloccare.
If your laptop is lost or stolen, you can't find it or lock it, so strangers can try to get at your files.	Si pierdes el portátil o te lo roban, no podrás encontrarlo ni bloquearlo, y los desconocidos pueden intentar acceder a tus archivos.	Si votre portable est perdu ou volé, vous ne pouvez ni le retrouver ni le verrouiller, et des inconnus peuvent tenter d'accéder à vos fichiers.	Wird dein Laptop verloren oder gestohlen, kannst du ihn weder finden noch sperren, und Fremde können versuchen, an deine Dateien zu kommen.	Se o portátil se perder ou for roubado, não o consegue localizar nem bloquear, e desconhecidos podem tentar aceder aos seus ficheiros.	Se il portatile viene perso o rubato, non puoi trovarlo né bloccarlo e degli sconosciuti possono tentare di accedere ai tuoi file.
Turn it on in Settings. It shares your laptop's location with your Microsoft account. Only checked on laptops.	Actívalo en Configuración. Comparte la ubicación del portátil con tu cuenta de Microsoft. Solo se comprueba en portátiles.	Activez-le dans Paramètres. Il partage la position du portable avec votre compte Microsoft. Vérifié seulement sur les portables.	Schalte es in den Einstellungen ein. Der Standort des Laptops wird mit deinem Microsoft-Konto geteilt. Wird nur bei Laptops geprüft.	Ative-o nas Definições. Partilha a localização do portátil com a sua conta Microsoft. Só é verificado em portáteis.	Attivalo nelle Impostazioni. Condivide la posizione del portatile con il tuo account Microsoft. Controllato solo sui portatili.
This is an extra shield that protects the core of Windows from a kind of attack that hijacks programs.	Es un escudo extra que protege el núcleo de Windows de un tipo de ataque que secuestra programas.	C'est un bouclier supplémentaire qui protège le cœur de Windows contre un type d'attaque qui détourne les programmes.	Das ist ein zusätzlicher Schutz, der den Kern von Windows vor einer Angriffsart schützt, die Programme kapert.	É um escudo extra que protege o núcleo do Windows de um tipo de ataque que sequestra programas.	È uno scudo in più che protegge il cuore di Windows da un tipo di attacco che dirotta i programmi.
Without it, an attacker who finds a bug in a driver has an easier time taking control of Windows.	Sin él, a un atacante que encuentre un error en un controlador le resulta más fácil tomar el control de Windows.	Sans lui, un attaquant qui trouve un bogue dans un pilote prend plus facilement le contrôle de Windows.	Ohne ihn hat ein Angreifer, der einen Fehler in einem Treiber findet, es leichter, Windows zu übernehmen.	Sem ele, um atacante que encontre um erro num controlador tem mais facilidade em tomar o controlo do Windows.	Senza di esso, un attaccante che trova un errore in un driver prende più facilmente il controllo di Windows.
Turn it on in Windows Security under Core isolation, if offered. Some older drivers or games may not work with it.	Actívalo en Seguridad de Windows, en Aislamiento del núcleo, si se ofrece. Algunos controladores o juegos antiguos pueden no funcionar con él.	Activez-le dans Sécurité Windows, sous Isolation du noyau, s'il est proposé. Certains vieux pilotes ou jeux peuvent ne pas fonctionner avec.	Schalte ihn in der Windows-Sicherheit unter Kernisolierung ein, falls angeboten. Manche ältere Treiber oder Spiele laufen damit eventuell nicht.	Ative-o na Segurança do Windows, em Isolamento do núcleo, se for oferecido. Alguns controladores ou jogos antigos podem não funcionar com ele.	Attivalo in Sicurezza di Windows, in Isolamento core, se disponibile. Alcuni driver o giochi più vecchi potrebbero non funzionare.
When you open a website, your PC first asks a server where it is. This checks whether that question is private.	Al abrir una web, tu equipo pregunta primero a un servidor dónde está. Esto comprueba si esa pregunta es privada.	Quand vous ouvrez un site, votre PC demande d'abord à un serveur où il se trouve. Ceci vérifie si cette question est privée.	Beim Öffnen einer Website fragt dein PC zuerst einen Server, wo sie ist. Hier wird geprüft, ob diese Frage privat ist.	Ao abrir um site, o computador pergunta primeiro a um servidor onde ele está. Isto verifica se essa pergunta é privada.	Quando apri un sito, il PC chiede prima a un server dove si trova. Questo controlla se la domanda è privata.
Someone on the same café Wi-Fi could see, or change, which sites you are looking up.	Alguien en la misma Wi-Fi de una cafetería podría ver, o cambiar, qué sitios consultas.	Quelqu'un sur le même Wi-Fi de café pourrait voir, ou modifier, les sites que vous demandez.	Jemand im selben Café-WLAN könnte sehen oder ändern, welche Seiten du aufrufst.	Alguém na mesma rede Wi-Fi de um café podia ver, ou alterar, os sites que procura.	Qualcuno sullo stesso Wi-Fi di un bar potrebbe vedere, o cambiare, quali siti cerchi.
Choose encrypted lookups in your network settings. Nothing else changes. This app never changes those servers for you.	Elige las consultas cifradas en los ajustes de red. No cambia nada más. Esta app nunca cambia esos servidores por ti.	Choisissez les requêtes chiffrées dans les réglages réseau. Rien d'autre ne change. Cette appli ne modifie jamais ces serveurs à votre place.	Wähle in den Netzwerkeinstellungen verschlüsselte Abfragen. Sonst ändert sich nichts. Diese App ändert diese Server nie für dich.	Escolha as consultas cifradas nas definições de rede. Nada mais muda. Este app nunca altera esses servidores por si.	Scegli le richieste cifrate nelle impostazioni di rete. Non cambia altro. Questa app non cambia mai quei server al posto tuo.
This checks how well the Wi-Fi network you're connected to is protected.	Esto comprueba lo bien protegida que está la red Wi-Fi a la que estás conectado.	Vérifie le niveau de protection du réseau Wi-Fi auquel vous êtes connecté.	Hier wird geprüft, wie gut das WLAN, mit dem du verbunden bist, geschützt ist.	Verifica quão bem protegida está a rede Wi-Fi a que está ligado.	Controlla quanto è protetta la rete Wi-Fi a cui sei collegato.
On a network with no or weak protection, others nearby can watch what you do or join in.	En una red sin protección o con protección débil, otras personas cercanas pueden ver lo que haces o unirse.	Sur un réseau sans protection ou mal protégé, des personnes proches peuvent voir ce que vous faites ou s'y connecter.	In einem Netz ohne oder mit schwachem Schutz können andere in der Nähe mitsehen oder sich einklinken.	Numa rede sem proteção ou com proteção fraca, outras pessoas por perto podem ver o que faz ou ligar-se.	Su una rete senza protezione o con protezione debole, chi è vicino può vedere cosa fai o collegarsi.
Switch your router to the newest security option, with a strong password. Very old devices may need to reconnect.	Cambia tu router a la opción de seguridad más reciente, con una contraseña fuerte. Los dispositivos muy antiguos pueden tener que reconectarse.	Passez votre box à l'option de sécurité la plus récente, avec un mot de passe solide. De très vieux appareils devront peut-être se reconnecter.	Stelle deinen Router auf die neueste Sicherheitsoption mit einem starken Passwort um. Sehr alte Geräte müssen sich eventuell neu verbinden.	Mude o router para a opção de segurança mais recente, com uma palavra-passe forte. Dispositivos muito antigos podem ter de se voltar a ligar.	Passa il router all'opzione di sicurezza più recente, con una password robusta. I dispositivi molto vecchi potrebbero doversi ricollegare.
This counts programs that start by themselves with Windows from risky places and aren't signed by a known maker.	Esto cuenta los programas que arrancan solos con Windows desde lugares arriesgados y sin firma de un fabricante conocido.	Compte les programmes qui démarrent seuls avec Windows depuis des emplacements risqués et sans signature d'un éditeur connu.	Hier werden Programme gezählt, die von riskanten Orten aus mit Windows starten und nicht von einem bekannten Hersteller signiert sind.	Conta os programas que arrancam sozinhos com o Windows a partir de locais arriscados e sem assinatura de um fabricante conhecido.	Conta i programmi che partono da soli con Windows da posizioni a rischio e senza firma di un produttore noto.
Malware often hides in a folder like Temp or Downloads and starts again every time you turn your PC on.	Los programas maliciosos suelen esconderse en una carpeta como Temp o Descargas y arrancan de nuevo cada vez que enciendes el equipo.	Les logiciels malveillants se cachent souvent dans un dossier comme Temp ou Téléchargements et redémarrent à chaque allumage du PC.	Schadsoftware versteckt sich oft in einem Ordner wie Temp oder Downloads und startet bei jedem Einschalten neu.	Os programas maliciosos escondem-se muitas vezes numa pasta como Temp ou Transferências e arrancam de novo sempre que liga o computador.	I malware si nascondono spesso in una cartella come Temp o Download e ripartono a ogni accensione del PC.
Ask a helper to look at what starts with your PC. Nothing is removed for you, since some tools start this way on purpose.	Pide a un ayudante que revise lo que arranca con tu equipo. No se quita nada por ti, porque algunas herramientas arrancan así a propósito.	Demandez à un proche de regarder ce qui démarre avec votre PC. Rien n'est retiré à votre place, car certains outils démarrent ainsi volontairement.	Lass jemanden ansehen, was mit deinem PC startet. Es wird nichts für dich entfernt, denn manche Tools starten absichtlich so.	Peça a um ajudante para ver o que arranca com o computador. Nada é removido por si, pois algumas ferramentas arrancam assim de propósito.	Chiedi a qualcuno di guardare cosa parte con il PC. Non viene rimosso nulla al posto tuo, perché alcuni strumenti partono così di proposito.
Your everyday account	Tu cuenta de uso diario	Votre compte de tous les jours	Dein Alltagskonto	A sua conta do dia a dia	Il tuo account di tutti i giorni
PIN and Windows Hello	PIN y Windows Hello	Code PIN et Windows Hello	PIN und Windows Hello	PIN e Windows Hello	PIN e Windows Hello
Private internet lookups	Consultas de internet privadas	Requêtes internet privées	Private Internet-Abfragen	Consultas de internet privadas	Richieste internet private
Wi-Fi protection	Protección del Wi-Fi	Protection du Wi-Fi	WLAN-Schutz	Proteção do Wi-Fi	Protezione del Wi-Fi
Programs that start by themselves	Programas que arrancan solos	Programmes qui démarrent seuls	Programme, die von selbst starten	Programas que arrancam sozinhos	Programmi che partono da soli
Use a normal account every day, and turn on Find my device on a laptop.	Usa una cuenta normal a diario y activa Encontrar mi dispositivo en un portátil.	Utilisez un compte normal au quotidien et activez Localiser mon appareil sur un portable.	Nutze im Alltag ein normales Konto und schalte auf einem Laptop Mein Gerät suchen ein.	Use uma conta normal no dia a dia e ative Localizar o meu dispositivo num portátil.	Usa un account normale ogni giorno e attiva Trova il mio dispositivo su un portatile.
Add a PIN or Windows Hello in Sign-in options for faster, safer sign-in.	Añade un PIN o Windows Hello en Opciones de inicio de sesión para entrar más rápido y seguro.	Ajoutez un code PIN ou Windows Hello dans Options de connexion pour vous connecter plus vite et plus sûrement.	Füge in den Anmeldeoptionen eine PIN oder Windows Hello für eine schnellere, sicherere Anmeldung hinzu.	Adicione um PIN ou o Windows Hello em Opções de início de sessão para entrar mais rápido e com segurança.	Aggiungi un PIN o Windows Hello in Opzioni di accesso per un accesso più rapido e sicuro.
Your internet lookups aren't private. Turn on encrypted lookups in your network settings.	Tus consultas de internet no son privadas. Activa las consultas cifradas en los ajustes de red.	Vos requêtes internet ne sont pas privées. Activez les requêtes chiffrées dans les réglages réseau.	Deine Internet-Abfragen sind nicht privat. Schalte in den Netzwerkeinstellungen verschlüsselte Abfragen ein.	As suas consultas de internet não são privadas. Ative as consultas cifradas nas definições de rede.	Le tue richieste internet non sono private. Attiva le richieste cifrate nelle impostazioni di rete.
Your Wi-Fi has weak or no protection. Switch to the newest security option on your router.	Tu Wi-Fi tiene poca o ninguna protección. Cambia a la opción de seguridad más reciente en tu router.	Votre Wi-Fi est peu ou pas protégé. Passez à l'option de sécurité la plus récente sur votre box.	Dein WLAN ist schwach oder gar nicht geschützt. Stelle den Router auf die neueste Sicherheitsoption um.	O seu Wi-Fi tem proteção fraca ou nenhuma. Mude para a opção de segurança mais recente no router.	Il tuo Wi-Fi ha poca o nessuna protezione. Passa all'opzione di sicurezza più recente sul router.
A risky program starts by itself with Windows. Ask someone you trust to look at it.	Un programa arriesgado arranca solo con Windows. Pide a alguien de confianza que lo revise.	Un programme risqué démarre seul avec Windows. Demandez à quelqu'un de confiance de le regarder.	Ein riskantes Programm startet von selbst mit Windows. Lass eine vertraute Person nachsehen.	Um programa arriscado arranca sozinho com o Windows. Peça a alguém de confiança para o ver.	Un programma rischioso parte da solo con Windows. Chiedi a una persona fidata di controllare.
You use an administrator account every day. Make a normal account for daily use.	Usas una cuenta de administrador a diario. Crea una cuenta normal para el uso diario.	Vous utilisez un compte administrateur tous les jours. Créez un compte normal pour l'usage quotidien.	Du nutzt täglich ein Administratorkonto. Lege ein normales Konto für den Alltag an.	Usa uma conta de administrador todos os dias. Crie uma conta normal para o dia a dia.	Usi ogni giorno un account amministratore. Crea un account normale per l'uso quotidiano.
No PIN or Windows Hello is set up. Add one in Sign-in options.	No hay PIN ni Windows Hello configurado. Añade uno en Opciones de inicio de sesión.	Aucun code PIN ni Windows Hello n'est configuré. Ajoutez-en un dans Options de connexion.	Weder PIN noch Windows Hello sind eingerichtet. Füge in den Anmeldeoptionen eines hinzu.	Não há PIN nem Windows Hello configurado. Adicione um em Opções de início de sessão.	Nessun PIN o Windows Hello configurato. Aggiungine uno in Opzioni di accesso.
Find my device is off. Turn it on in Settings so you can find a lost laptop.	Encontrar mi dispositivo está desactivado. Actívalo en Configuración para localizar un portátil perdido.	Localiser mon appareil est désactivé. Activez-le dans Paramètres pour retrouver un portable perdu.	Mein Gerät suchen ist aus. Schalte es in den Einstellungen ein, um einen verlorenen Laptop zu finden.	Localizar o meu dispositivo está desligado. Ative-o nas Definições para encontrar um portátil perdido.	Trova il mio dispositivo è disattivato. Attivalo nelle Impostazioni per ritrovare un portatile smarrito.
An extra shield for the core of Windows is off. Look in Core isolation in Windows Security.	Un escudo extra para el núcleo de Windows está desactivado. Mira Aislamiento del núcleo en Seguridad de Windows.	Un bouclier supplémentaire pour le cœur de Windows est désactivé. Regardez Isolation du noyau dans Sécurité Windows.	Ein zusätzlicher Schutz für den Windows-Kern ist aus. Sieh unter Kernisolierung in der Windows-Sicherheit nach.	Um escudo extra para o núcleo do Windows está desligado. Veja Isolamento do núcleo na Segurança do Windows.	Uno scudo extra per il cuore di Windows è spento. Guarda Isolamento core in Sicurezza di Windows.
