Booby-trapped Office files starting harmful programs	Archivos de Office manipulados que inician programas dañinos	Des fichiers Office piégés qui lancent des programmes malveillants	Manipulierte Office-Dateien, die schädliche Programme starten	Arquivos do Office armadilhados iniciando programas nocivos	File Office trappola che avviano programmi dannosi
Ransomware or a harmful USB stick locking or stealing your files	Ransomware o una memoria USB dañina que bloquea o roba tus archivos	Un rançongiciel ou une clé USB malveillante qui verrouille ou vole vos fichiers	Erpressersoftware oder ein schädlicher USB-Stick, der Ihre Dateien sperrt oder stiehlt	Ransomware ou um pendrive nocivo bloqueando ou roubando seus arquivos	Ransomware o una chiavetta USB dannosa che blocca o ruba i tuoi file
Programs connecting to known harmful websites and servers	Programas que se conectan a sitios web y servidores peligrosos conocidos	Des programmes qui se connectent à des sites et serveurs malveillants connus	Programme, die sich mit bekannten schädlichen Websites und Servern verbinden	Programas se conectando a sites e servidores nocivos conhecidos	Programmi che si collegano a siti e server dannosi noti
Brand-new harmful files slipping through before anyone has judged them	Archivos dañinos recién creados que se cuelan antes de que alguien los evalúe	Des fichiers malveillants tout neufs qui passent avant que personne ne les ait jugés	Brandneue schädliche Dateien, die durchrutschen, bevor sie jemand bewertet hat	Arquivos nocivos recém-criados passando antes de alguém avaliá-los	File dannosi appena nati che passano prima che qualcuno li valuti
Strangers on your network steering or spoofing your PC's traffic	Desconocidos en tu red desviando o falsificando el tráfico de tu PC	Des inconnus sur votre réseau qui détournent ou falsifient le trafic de votre PC	Fremde in Ihrem Netzwerk, die den Datenverkehr Ihres PCs umleiten oder fälschen	Estranhos na sua rede desviando ou falsificando o tráfego do seu PC	Sconosciuti sulla tua rete che deviano o falsificano il traffico del tuo PC
Strangers on your network learning your PC's name and tricking it	Desconocidos en tu red averiguando el nombre de tu PC y engañándolo	Des inconnus sur votre réseau qui découvrent le nom de votre PC et le trompent	Fremde in Ihrem Netzwerk, die den Namen Ihres PCs erfahren und ihn täuschen	Estranhos na sua rede descobrindo o nome do seu PC e enganando-o	Sconosciuti sulla tua rete che scoprono il nome del tuo PC e lo ingannano
Devices on your network answering lookups with fake replies	Dispositivos de tu red que responden a las búsquedas con respuestas falsas	Des appareils de votre réseau qui répondent aux recherches par de fausses réponses	Geräte in Ihrem Netzwerk, die auf Abfragen mit falschen Antworten reagieren	Dispositivos na sua rede respondendo a buscas com respostas falsas	Dispositivi sulla tua rete che rispondono alle ricerche con risposte false
A stranger on your network pointing your PC at a rogue proxy	Un desconocido en tu red dirigiendo tu PC a un proxy falso	Un inconnu sur votre réseau qui oriente votre PC vers un faux proxy	Ein Fremder in Ihrem Netzwerk, der Ihren PC auf einen gefälschten Proxy lenkt	Um estranho na sua rede apontando seu PC para um proxy falso	Uno sconosciuto sulla tua rete che indirizza il tuo PC verso un proxy falso
Your PC sending sign-in details to a file server on the internet	Tu PC enviando datos de inicio de sesión a un servidor de archivos en internet	Votre PC qui envoie ses identifiants à un serveur de fichiers sur Internet	Ihr PC sendet Anmeldedaten an einen Dateiserver im Internet	Seu PC enviando dados de login a um servidor de arquivos na internet	Il tuo PC che invia i dati di accesso a un file server su internet
Old, breakable secure connections being forced on your PC	Conexiones seguras antiguas y fáciles de romper impuestas a tu PC	Des connexions sécurisées anciennes et faciles à casser imposées à votre PC	Alte, leicht zu knackende sichere Verbindungen, die Ihrem PC aufgezwungen werden	Conexões seguras antigas e fáceis de quebrar sendo impostas ao seu PC	Connessioni sicure vecchie e facili da violare imposte al tuo PC
Office attack shields	Protección contra ataques en Office	Protection contre les attaques Office	Schutz vor Office-Angriffen	Proteção contra ataques no Office	Protezione dagli attacchi su Office
Ransomware and USB shields	Protección contra ransomware y USB	Protection contre rançongiciels et USB	Schutz vor Erpressersoftware und USB	Proteção contra ransomware e USB	Protezione da ransomware e USB
Harmful website blocking	Bloqueo de sitios web dañinos	Blocage des sites malveillants	Blockieren schädlicher Websites	Bloqueio de sites nocivos	Blocco dei siti dannosi
Stricter cloud blocking	Bloqueo en la nube más estricto	Blocage cloud plus strict	Strengere Cloud-Blockierung	Bloqueio na nuvem mais rígido	Blocco cloud più rigoroso
Network traffic hardening	Refuerzo del tráfico de red	Renforcement du trafic réseau	Absicherung des Netzwerkverkehrs	Reforço do tráfego de rede	Rafforzamento del traffico di rete
Old name service (NetBIOS)	Servicio de nombres antiguo (NetBIOS)	Ancien service de noms (NetBIOS)	Alter Namensdienst (NetBIOS)	Serviço de nomes antigo (NetBIOS)	Vecchio servizio di nomi (NetBIOS)
Local name lookups (mDNS)	Búsquedas de nombres locales (mDNS)	Recherches de noms locales (mDNS)	Lokale Namensabfragen (mDNS)	Buscas de nomes locais (mDNS)	Ricerche di nomi locali (mDNS)
Automatic proxy search	Búsqueda automática de proxy	Recherche automatique de proxy	Automatische Proxy-Suche	Busca automática de proxy	Ricerca automatica del proxy
File sharing to the internet	Compartir archivos con internet	Partage de fichiers vers Internet	Dateifreigabe ins Internet	Compartilhamento de arquivos com a internet	Condivisione file verso internet
Old secure-connection versions	Versiones antiguas de conexión segura	Anciennes versions de connexion sécurisée	Alte Versionen sicherer Verbindungen	Versões antigas de conexão segura	Vecchie versioni di connessione sicura
Office files that try to start other programs are blocked. Macro-heavy files may stop working.	Se bloquean los archivos de Office que intentan iniciar otros programas. Los archivos con muchas macros pueden dejar de funcionar.	Les fichiers Office qui tentent de lancer d'autres programmes sont bloqués. Les fichiers à macros peuvent cesser de fonctionner.	Office-Dateien, die andere Programme starten wollen, werden blockiert. Dateien mit vielen Makros funktionieren evtl. nicht mehr.	Arquivos do Office que tentam iniciar outros programas são bloqueados. Arquivos com muitas macros podem parar de funcionar.	I file Office che tentano di avviare altri programmi vengono bloccati. I file con molte macro potrebbero non funzionare più.
Windows asks before unknown programs or USB apps run, and you can allow them.	Windows pregunta antes de ejecutar programas desconocidos o aplicaciones USB, y puedes permitirlos.	Windows demande avant d'exécuter des programmes inconnus ou des applications USB, et vous pouvez les autoriser.	Windows fragt nach, bevor unbekannte Programme oder USB-Apps starten, und Sie können sie erlauben.	O Windows pergunta antes de executar programas desconhecidos ou apps USB, e você pode permitir.	Windows chiede prima di eseguire programmi sconosciuti o app USB, e puoi consentirli.
Programs are blocked from known harmful sites. Some VPNs or games may be blocked by mistake.	Se bloquea el acceso de los programas a sitios dañinos conocidos. Algunas VPN o juegos podrían bloquearse por error.	Les programmes sont bloqués vers les sites malveillants connus. Certains VPN ou jeux peuvent l'être par erreur.	Programme werden von bekannten schädlichen Seiten ferngehalten. Manche VPNs oder Spiele werden evtl. fälschlich blockiert.	Os programas são bloqueados em sites nocivos conhecidos. Algumas VPNs ou jogos podem ser bloqueados por engano.	I programmi vengono bloccati verso siti dannosi noti. Alcune VPN o giochi potrebbero essere bloccati per errore.
Windows is stricter with unknown files and may pause a download for up to 20 seconds.	Windows es más estricto con los archivos desconocidos y puede pausar una descarga hasta 20 segundos.	Windows est plus strict avec les fichiers inconnus et peut suspendre un téléchargement jusqu'à 20 secondes.	Windows ist bei unbekannten Dateien strenger und hält einen Download bis zu 20 Sekunden an.	O Windows é mais rígido com arquivos desconhecidos e pode pausar um download por até 20 segundos.	Windows è più severo con i file sconosciuti e può mettere in pausa un download fino a 20 secondi.
Nothing you will notice day to day. Needs a restart.	No notarás nada en el día a día. Requiere reiniciar.	Vous ne remarquerez rien au quotidien. Nécessite un redémarrage.	Im Alltag merken Sie nichts davon. Ein Neustart ist nötig.	Você não notará nada no dia a dia. Requer reinicialização.	Non noterai nulla nell'uso quotidiano. Richiede un riavvio.
Very old network devices may stop being found by name.	Los dispositivos de red muy antiguos podrían dejar de encontrarse por nombre.	Les appareils réseau très anciens pourraient ne plus être trouvés par leur nom.	Sehr alte Netzwerkgeräte werden evtl. nicht mehr über ihren Namen gefunden.	Dispositivos de rede muito antigos podem deixar de ser encontrados pelo nome.	I dispositivi di rete molto vecchi potrebbero non essere più trovati per nome.
Casting, AirPrint and some smart-home devices may stop showing up. Needs a restart.	Es posible que la transmisión, AirPrint y algunos dispositivos domóticos dejen de aparecer. Requiere reiniciar.	La diffusion d'écran, AirPrint et certains appareils connectés peuvent ne plus apparaître. Nécessite un redémarrage.	Streaming auf Fernseher, AirPrint und manche Smart-Home-Geräte erscheinen evtl. nicht mehr. Ein Neustart ist nötig.	Transmissão de tela, AirPrint e alguns dispositivos de casa inteligente podem deixar de aparecer. Requer reinicialização.	Trasmissione, AirPrint e alcuni dispositivi per la casa smart potrebbero non comparire più. Richiede un riavvio.
Networks that set up their proxy automatically may stop working. Needs a restart.	Las redes que configuran su proxy automáticamente podrían dejar de funcionar. Requiere reiniciar.	Les réseaux qui configurent leur proxy automatiquement pourraient ne plus fonctionner. Nécessite un redémarrage.	Netzwerke, die ihren Proxy automatisch einrichten, funktionieren evtl. nicht mehr. Ein Neustart ist nötig.	Redes que configuram o proxy automaticamente podem parar de funcionar. Requer reinicialização.	Le reti che configurano il proxy automaticamente potrebbero non funzionare più. Richiede un riavvio.
Cloud file shares reached over the internet may stop connecting. Home sharing still works.	Las carpetas compartidas en la nube a través de internet podrían dejar de conectarse. Compartir en casa sigue funcionando.	Les partages de fichiers cloud via Internet pourraient ne plus se connecter. Le partage à la maison fonctionne toujours.	Cloud-Dateifreigaben über das Internet verbinden sich evtl. nicht mehr. Freigaben zu Hause funktionieren weiter.	Compartilhamentos de arquivos na nuvem pela internet podem deixar de conectar. O compartilhamento em casa continua funcionando.	Le condivisioni file cloud via internet potrebbero non collegarsi più. La condivisione in casa funziona ancora.
Very old apps or devices may fail to connect securely. Needs a restart.	Las aplicaciones o dispositivos muy antiguos podrían no conectarse de forma segura. Requiere reiniciar.	Les applications ou appareils très anciens pourraient ne plus se connecter de façon sécurisée. Nécessite un redémarrage.	Sehr alte Apps oder Geräte können sich evtl. nicht mehr sicher verbinden. Ein Neustart ist nötig.	Aplicativos ou dispositivos muito antigos podem não conseguir se conectar com segurança. Requer reinicialização.	App o dispositivi molto vecchi potrebbero non riuscire a connettersi in modo sicuro. Richiede un riavvio.
Microsoft Office isn't installed here, so there is nothing to protect.	Microsoft Office no está instalado aquí, así que no hay nada que proteger.	Microsoft Office n'est pas installé ici, il n'y a donc rien à protéger.	Microsoft Office ist hier nicht installiert, also gibt es nichts zu schützen.	O Microsoft Office não está instalado aqui, então não há o que proteger.	Microsoft Office non è installato qui, quindi non c'è nulla da proteggere.
This version of Windows doesn't include this protection.	Esta versión de Windows no incluye esta protección.	Cette version de Windows n'inclut pas cette protection.	Diese Windows-Version enthält diesen Schutz nicht.	Esta versão do Windows não inclui esta proteção.	Questa versione di Windows non include questa protezione.
Turn on suspicious app detection first, then check again.	Activa primero la detección de aplicaciones sospechosas y vuelve a comprobar.	Activez d'abord la détection des applications suspectes, puis revérifiez.	Schalten Sie zuerst die Erkennung verdächtiger Apps ein und prüfen Sie dann erneut.	Ative primeiro a detecção de apps suspeitos e verifique de novo.	Attiva prima il rilevamento delle app sospette, poi controlla di nuovo.
We couldn't check something this depends on, so we leave it alone.	No pudimos comprobar algo de lo que depende, así que lo dejamos como está.	Nous n'avons pas pu vérifier un élément dont cela dépend, nous n'y touchons donc pas.	Wir konnten etwas, wovon dies abhängt, nicht prüfen und lassen es deshalb unverändert.	Não foi possível verificar algo de que isto depende, então deixamos como está.	Non abbiamo potuto controllare qualcosa da cui dipende, quindi lo lasciamo com'è.
Old file sharing is still on here, so we leave this alone.	El uso compartido de archivos antiguo sigue activado aquí, así que lo dejamos como está.	L'ancien partage de fichiers est encore actif ici, nous n'y touchons donc pas.	Die alte Dateifreigabe ist hier noch aktiv, daher lassen wir dies unverändert.	O compartilhamento de arquivos antigo ainda está ativo aqui, então deixamos como está.	La vecchia condivisione file è ancora attiva qui, quindi lasciamo tutto com'è.
A shared folder or drive here may need this, so we leave it alone.	Una carpeta o unidad compartida de aquí podría necesitarlo, así que lo dejamos como está.	Un dossier partagé ou un lecteur d'ici pourrait en avoir besoin, nous n'y touchons donc pas.	Ein freigegebener Ordner oder ein Laufwerk hier könnte dies brauchen, daher lassen wir es unverändert.	Uma pasta ou unidade compartilhada aqui pode precisar disto, então deixamos como está.	Una cartella o un'unità condivisa qui potrebbe averne bisogno, quindi lasciamo tutto com'è.
Stops Word, Excel and other Office programs from starting other programs or hiding code inside other apps.	Impide que Word, Excel y otros programas de Office inicien otros programas u oculten código dentro de otras aplicaciones.	Empêche Word, Excel et les autres programmes Office de lancer d'autres programmes ou de cacher du code dans d'autres applications.	Verhindert, dass Word, Excel und andere Office-Programme andere Programme starten oder Code in anderen Apps verstecken.	Impede que Word, Excel e outros programas do Office iniciem outros programas ou escondam código dentro de outros aplicativos.	Impedisce a Word, Excel e agli altri programmi Office di avviare altri programmi o nascondere codice dentro altre app.
A booby-trapped invoice in your email could use Office to quietly start a program that steals your files.	Una factura trampa en tu correo podría usar Office para iniciar en silencio un programa que roba tus archivos.	Une fausse facture piégée dans vos e-mails pourrait utiliser Office pour lancer discrètement un programme qui vole vos fichiers.	Eine manipulierte Rechnung in Ihrer E-Mail könnte Office nutzen, um unbemerkt ein Programm zu starten, das Ihre Dateien stiehlt.	Uma fatura armadilhada no seu e-mail poderia usar o Office para iniciar em silêncio um programa que rouba seus arquivos.	Una fattura trappola nella tua email potrebbe usare Office per avviare in silenzio un programma che ruba i tuoi file.
Nothing you'll notice for normal documents. Files that rely on macros or add-ins may stop working until you allow them.	No notarás nada con documentos normales. Los archivos que usan macros o complementos pueden dejar de funcionar hasta que los permitas.	Vous ne remarquerez rien avec des documents normaux. Les fichiers qui utilisent des macros ou des compléments peuvent cesser de fonctionner tant que vous ne les autorisez pas.	Bei normalen Dokumenten merken Sie nichts. Dateien mit Makros oder Add-ins funktionieren evtl. nicht mehr, bis Sie sie erlauben.	Você não notará nada em documentos normais. Arquivos que dependem de macros ou suplementos podem parar de funcionar até você permitir.	Non noterai nulla con i documenti normali. I file che usano macro o componenti aggiuntivi potrebbero non funzionare finché non li consenti.
Makes Windows ask before unknown programs run, including programs that start from a USB stick.	Hace que Windows pregunte antes de ejecutar programas desconocidos, incluidos los que se inician desde una memoria USB.	Fait demander à Windows avant d'exécuter des programmes inconnus, y compris ceux lancés depuis une clé USB.	Windows fragt nach, bevor unbekannte Programme starten, auch solche von einem USB-Stick.	Faz o Windows perguntar antes de executar programas desconhecidos, inclusive os que iniciam de um pendrive.	Fa chiedere a Windows prima di eseguire programmi sconosciuti, compresi quelli avviati da una chiavetta USB.
A USB stick someone hands you could start a program that locks your photos and documents and demands money.	Una memoria USB que te den podría iniciar un programa que bloquea tus fotos y documentos y exige dinero.	Une clé USB qu'on vous tend pourrait lancer un programme qui verrouille vos photos et documents et exige de l'argent.	Ein USB-Stick, den man Ihnen gibt, könnte ein Programm starten, das Ihre Fotos und Dokumente sperrt und Geld verlangt.	Um pendrive que alguém lhe entrega poderia iniciar um programa que bloqueia suas fotos e documentos e exige dinheiro.	Una chiavetta USB che ti viene data potrebbe avviare un programma che blocca foto e documenti e chiede denaro.
Windows asks first and you can allow it. A brand-new small program from a friend may get a question the first time.	Windows pregunta antes y puedes permitirlo. Un programa pequeño y nuevo de un amigo puede generar una pregunta la primera vez.	Windows demande d'abord et vous pouvez autoriser. Un petit programme tout neuf d'un ami peut provoquer une question la première fois.	Windows fragt zuerst nach und Sie können es erlauben. Bei einem brandneuen kleinen Programm von einem Freund kommt beim ersten Mal eine Rückfrage.	O Windows pergunta primeiro e você pode permitir. Um programa pequeno e novo de um amigo pode gerar uma pergunta na primeira vez.	Windows chiede prima e puoi consentire. Un piccolo programma nuovo di un amico può generare una domanda la prima volta.
Stops programs on your PC from connecting to websites and servers that are known to be harmful.	Impide que los programas de tu PC se conecten a sitios web y servidores que se sabe que son dañinos.	Empêche les programmes de votre PC de se connecter à des sites et serveurs connus pour être malveillants.	Verhindert, dass Programme auf Ihrem PC sich mit bekanntermaßen schädlichen Websites und Servern verbinden.	Impede que programas do seu PC se conectem a sites e servidores conhecidos como nocivos.	Impedisce ai programmi del tuo PC di collegarsi a siti e server noti come dannosi.
A program or an ad could quietly connect to a known scam site and download something harmful.	Un programa o un anuncio podría conectarse en silencio a un sitio de estafas conocido y descargar algo dañino.	Un programme ou une publicité pourrait se connecter discrètement à un site d'arnaque connu et télécharger quelque chose de malveillant.	Ein Programm oder eine Werbeanzeige könnte sich unbemerkt mit einer bekannten Betrugsseite verbinden und etwas Schädliches laden.	Um programa ou anúncio poderia se conectar em silêncio a um site de golpe conhecido e baixar algo nocivo.	Un programma o una pubblicità potrebbe collegarsi in silenzio a un noto sito truffa e scaricare qualcosa di dannoso.
Nothing you'll notice most days. A game, VPN or work tool may be blocked by mistake and need to be allowed.	No notarás nada casi nunca. Un juego, una VPN o una herramienta de trabajo podría bloquearse por error y habría que permitirla.	Vous ne remarquerez rien la plupart du temps. Un jeu, un VPN ou un outil de travail peut être bloqué par erreur et devoir être autorisé.	An den meisten Tagen merken Sie nichts. Ein Spiel, VPN oder Arbeitstool kann fälschlich blockiert werden und muss dann erlaubt werden.	Você não notará nada na maioria dos dias. Um jogo, VPN ou ferramenta de trabalho pode ser bloqueado por engano e precisar ser permitido.	Non noterai nulla quasi mai. Un gioco, una VPN o uno strumento di lavoro potrebbe essere bloccato per errore e andrebbe consentito.
Makes Defender stricter about files it has never seen before by asking Microsoft's cloud to judge them.	Hace que Defender sea más estricto con los archivos que nunca ha visto, pidiendo a la nube de Microsoft que los evalúe.	Rend Defender plus strict avec les fichiers qu'il n'a jamais vus en demandant au cloud de Microsoft de les juger.	Macht Defender bei Dateien, die es noch nie gesehen hat, strenger, indem die Microsoft-Cloud sie bewertet.	Torna o Defender mais rígido com arquivos que nunca viu, pedindo à nuvem da Microsoft que os avalie.	Rende Defender più severo con i file mai visti prima, chiedendo al cloud di Microsoft di valutarli.
A brand-new harmful file could be let through because nothing had flagged it yet.	Un archivo dañino recién creado podría pasar porque nada lo había marcado todavía.	Un fichier malveillant tout neuf pourrait passer parce que rien ne l'avait encore signalé.	Eine brandneue schädliche Datei könnte durchrutschen, weil sie noch niemand gemeldet hat.	Um arquivo nocivo recém-criado poderia passar porque nada o havia sinalizado ainda.	Un file dannoso appena creato potrebbe passare perché nulla lo aveva ancora segnalato.
A download may pause for up to 20 seconds while it's checked. A few harmless new files may be blocked by mistake.	Una descarga puede pausarse hasta 20 segundos mientras se comprueba. Algunos archivos nuevos inofensivos podrían bloquearse por error.	Un téléchargement peut se mettre en pause jusqu'à 20 secondes pendant la vérification. Quelques fichiers récents inoffensifs peuvent être bloqués par erreur.	Ein Download kann bis zu 20 Sekunden pausieren, während er geprüft wird. Einige harmlose neue Dateien werden evtl. fälschlich blockiert.	Um download pode pausar por até 20 segundos enquanto é verificado. Alguns arquivos novos inofensivos podem ser bloqueados por engano.	Un download può fermarsi fino a 20 secondi durante il controllo. Qualche file nuovo innocuo potrebbe essere bloccato per errore.
Tells your PC to ignore network messages that try to reroute its traffic or release its name.	Hace que tu PC ignore los mensajes de red que intentan redirigir su tráfico o liberar su nombre.	Indique à votre PC d'ignorer les messages réseau qui tentent de détourner son trafic ou de libérer son nom.	Sorgt dafür, dass Ihr PC Netzwerknachrichten ignoriert, die seinen Datenverkehr umleiten oder seinen Namen freigeben wollen.	Faz seu PC ignorar mensagens de rede que tentam redirecionar seu tráfego ou liberar seu nome.	Dice al tuo PC di ignorare i messaggi di rete che cercano di deviare il suo traffico o liberare il suo nome.
Someone on the same cafe Wi-Fi could send fake messages that steer your PC's traffic through their device.	Alguien en el mismo Wi-Fi de una cafetería podría enviar mensajes falsos que desvíen el tráfico de tu PC por su dispositivo.	Quelqu'un sur le même Wi-Fi de café pourrait envoyer de faux messages qui font passer le trafic de votre PC par son appareil.	Jemand im selben Café-WLAN könnte gefälschte Nachrichten senden, die den Datenverkehr Ihres PCs über sein Gerät leiten.	Alguém no mesmo Wi-Fi de uma cafeteria poderia enviar mensagens falsas que desviam o tráfego do seu PC pelo dispositivo dele.	Qualcuno sullo stesso Wi-Fi di un bar potrebbe inviare messaggi falsi che fanno passare il traffico del tuo PC dal suo dispositivo.
Nothing you'll notice. It takes effect after a restart.	No notarás nada. Se aplica después de reiniciar.	Vous ne remarquerez rien. Cela prend effet après un redémarrage.	Sie merken nichts davon. Es wird nach einem Neustart wirksam.	Você não notará nada. Entra em vigor após reiniciar.	Non noterai nulla. Ha effetto dopo un riavvio.
Turns off an old way for computers on a network to find each other by name.	Desactiva un método antiguo para que los equipos de una red se encuentren por nombre.	Désactive une ancienne méthode permettant aux ordinateurs d'un réseau de se trouver par leur nom.	Schaltet eine alte Methode ab, mit der Computer in einem Netzwerk einander über ihren Namen finden.	Desativa uma forma antiga de os computadores de uma rede se encontrarem pelo nome.	Disattiva un vecchio metodo con cui i computer di una rete si trovano per nome.
Someone on the same network could answer for another computer and trick your PC into sending its sign-in details.	Alguien en la misma red podría responder en nombre de otro equipo y engañar a tu PC para que envíe sus datos de inicio de sesión.	Quelqu'un sur le même réseau pourrait répondre à la place d'un autre ordinateur et tromper votre PC pour qu'il envoie ses identifiants.	Jemand im selben Netzwerk könnte für einen anderen Computer antworten und Ihren PC dazu bringen, seine Anmeldedaten zu senden.	Alguém na mesma rede poderia responder por outro computador e enganar seu PC para enviar os dados de login.	Qualcuno sulla stessa rete potrebbe rispondere al posto di un altro computer e ingannare il tuo PC facendogli inviare i dati di accesso.
Nothing you'll notice. Very old network drives, printers or scanners may stop being found by name.	No notarás nada. Las unidades de red, impresoras o escáneres muy antiguos podrían dejar de encontrarse por nombre.	Vous ne remarquerez rien. Des lecteurs réseau, imprimantes ou scanners très anciens pourraient ne plus être trouvés par leur nom.	Sie merken nichts davon. Sehr alte Netzlaufwerke, Drucker oder Scanner werden evtl. nicht mehr über ihren Namen gefunden.	Você não notará nada. Unidades de rede, impressoras ou scanners muito antigos podem deixar de ser encontrados pelo nome.	Non noterai nulla. Unità di rete, stampanti o scanner molto vecchi potrebbero non essere più trovati per nome.
Stops your PC from asking and answering name questions with other devices on your local network.	Impide que tu PC haga y responda preguntas de nombres con otros dispositivos de tu red local.	Empêche votre PC de poser et de répondre à des questions de noms avec les autres appareils de votre réseau local.	Verhindert, dass Ihr PC Namensfragen mit anderen Geräten im lokalen Netzwerk stellt und beantwortet.	Impede que seu PC faça e responda perguntas de nomes com outros dispositivos da sua rede local.	Impedisce al tuo PC di fare e rispondere a domande sui nomi con gli altri dispositivi della rete locale.
Someone on the same network could pretend to be a printer or TV and trick your PC into talking to them.	Alguien en la misma red podría hacerse pasar por una impresora o un televisor y engañar a tu PC para que hable con él.	Quelqu'un sur le même réseau pourrait se faire passer pour une imprimante ou une télé et tromper votre PC pour qu'il lui parle.	Jemand im selben Netzwerk könnte sich als Drucker oder Fernseher ausgeben und Ihren PC dazu bringen, mit ihm zu kommunizieren.	Alguém na mesma rede poderia se passar por uma impressora ou TV e enganar seu PC para falar com ele.	Qualcuno sulla stessa rete potrebbe fingersi una stampante o una TV e ingannare il tuo PC facendolo comunicare con lui.
Casting to a TV, AirPrint and some smart-home devices may stop showing up. It takes effect after a restart.	Transmitir a un televisor, AirPrint y algunos dispositivos domóticos podrían dejar de aparecer. Se aplica después de reiniciar.	La diffusion vers une télé, AirPrint et certains appareils connectés peuvent ne plus apparaître. Cela prend effet après un redémarrage.	Streaming auf einen Fernseher, AirPrint und manche Smart-Home-Geräte erscheinen evtl. nicht mehr. Es wird nach einem Neustart wirksam.	Transmitir para uma TV, AirPrint e alguns dispositivos de casa inteligente podem deixar de aparecer. Entra em vigor após reiniciar.	Trasmettere su una TV, AirPrint e alcuni dispositivi per la casa smart potrebbero non comparire più. Ha effetto dopo un riavvio.
Stops Windows from searching the network for a setup file that tells it how to reach the internet.	Impide que Windows busque en la red un archivo de configuración que le indique cómo llegar a internet.	Empêche Windows de chercher sur le réseau un fichier de configuration qui lui indique comment accéder à Internet.	Verhindert, dass Windows im Netzwerk nach einer Einrichtungsdatei sucht, die ihm den Weg ins Internet zeigt.	Impede que o Windows procure na rede um arquivo de configuração que diz como chegar à internet.	Impedisce a Windows di cercare in rete un file di configurazione che gli dice come raggiungere internet.
A stranger on shared Wi-Fi could offer a fake setup file and send your web traffic through their device.	Un desconocido en un Wi-Fi compartido podría ofrecer un archivo de configuración falso y enviar tu tráfico web por su dispositivo.	Un inconnu sur un Wi-Fi partagé pourrait proposer un faux fichier de configuration et faire passer votre trafic web par son appareil.	Ein Fremder in einem gemeinsamen WLAN könnte eine gefälschte Einrichtungsdatei anbieten und Ihren Webverkehr über sein Gerät leiten.	Um estranho em um Wi-Fi compartilhado poderia oferecer um arquivo de configuração falso e enviar seu tráfego web pelo dispositivo dele.	Uno sconosciuto su un Wi-Fi condiviso potrebbe offrire un file di configurazione falso e far passare il tuo traffico web dal suo dispositivo.
Nothing you'll notice at home. A work or school network that sets this up automatically may stop working. It takes effect after a restart.	No notarás nada en casa. Una red de trabajo o escuela que lo configure automáticamente podría dejar de funcionar. Se aplica después de reiniciar.	Vous ne remarquerez rien chez vous. Un réseau de travail ou d'école qui configure cela automatiquement pourrait ne plus fonctionner. Cela prend effet après un redémarrage.	Zu Hause merken Sie nichts. Ein Arbeits- oder Schulnetzwerk, das dies automatisch einrichtet, funktioniert evtl. nicht mehr. Es wird nach einem Neustart wirksam.	Você não notará nada em casa. Uma rede de trabalho ou escola que configure isso automaticamente pode parar de funcionar. Entra em vigor após reiniciar.	Non noterai nulla a casa. Una rete di lavoro o scuola che lo imposta automaticamente potrebbe non funzionare più. Ha effetto dopo un riavvio.
Adds a firewall rule so this PC never sends file-sharing traffic out to the internet.	Añade una regla de firewall para que este PC nunca envíe tráfico de uso compartido de archivos a internet.	Ajoute une règle de pare-feu pour que ce PC n'envoie jamais de trafic de partage de fichiers vers Internet.	Fügt eine Firewall-Regel hinzu, damit dieser PC nie Dateifreigabe-Verkehr ins Internet sendet.	Adiciona uma regra de firewall para que este PC nunca envie tráfego de compartilhamento de arquivos para a internet.	Aggiunge una regola del firewall così questo PC non invia mai traffico di condivisione file verso internet.
A harmful link could make your PC try to log in to a stranger's file server, handing over your sign-in details.	Un enlace dañino podría hacer que tu PC intente iniciar sesión en el servidor de archivos de un desconocido y le entregue tus datos.	Un lien malveillant pourrait pousser votre PC à se connecter au serveur de fichiers d'un inconnu et lui remettre vos identifiants.	Ein schädlicher Link könnte Ihren PC dazu bringen, sich am Dateiserver eines Fremden anzumelden und ihm Ihre Anmeldedaten zu übergeben.	Um link nocivo poderia fazer seu PC tentar entrar no servidor de arquivos de um estranho, entregando seus dados de login.	Un link dannoso potrebbe far accedere il tuo PC al file server di uno sconosciuto, consegnandogli i tuoi dati di accesso.
Nothing you'll notice. Cloud file shares reached over the internet may stop connecting. Sharing at home still works.	No notarás nada. Las carpetas compartidas en la nube a través de internet podrían dejar de conectarse. Compartir en casa sigue funcionando.	Vous ne remarquerez rien. Les partages de fichiers cloud via Internet pourraient ne plus se connecter. Le partage à la maison fonctionne toujours.	Sie merken nichts davon. Cloud-Dateifreigaben über das Internet verbinden sich evtl. nicht mehr. Freigaben zu Hause funktionieren weiter.	Você não notará nada. Compartilhamentos de arquivos na nuvem pela internet podem deixar de conectar. O compartilhamento em casa continua funcionando.	Non noterai nulla. Le condivisioni file cloud via internet potrebbero non collegarsi più. La condivisione in casa funziona ancora.
Turns off old versions of the secure connection Windows uses for websites and apps.	Desactiva las versiones antiguas de la conexión segura que Windows usa para sitios web y aplicaciones.	Désactive les anciennes versions de la connexion sécurisée que Windows utilise pour les sites et applications.	Schaltet alte Versionen der sicheren Verbindung ab, die Windows für Websites und Apps nutzt.	Desativa versões antigas da conexão segura que o Windows usa para sites e aplicativos.	Disattiva le vecchie versioni della connessione sicura che Windows usa per siti web e app.
An attacker could force an old, breakable connection and read what you send, like passwords or card numbers.	Un atacante podría forzar una conexión antigua y fácil de romper y leer lo que envías, como contraseñas o números de tarjeta.	Un pirate pourrait imposer une connexion ancienne et facile à casser et lire ce que vous envoyez, comme des mots de passe ou des numéros de carte.	Ein Angreifer könnte eine alte, leicht zu knackende Verbindung erzwingen und mitlesen, was Sie senden, etwa Passwörter oder Kartennummern.	Um invasor poderia forçar uma conexão antiga e fácil de quebrar e ler o que você envia, como senhas ou números de cartão.	Un attaccante potrebbe forzare una connessione vecchia e facile da violare e leggere ciò che invii, come password o numeri di carta.
Browsers keep working. Very old apps, accounting software or network drives may fail to connect. It takes effect after a restart.	Los navegadores siguen funcionando. Las aplicaciones muy antiguas, el software de contabilidad o las unidades de red podrían no conectarse. Se aplica después de reiniciar.	Les navigateurs continuent de fonctionner. Des applications très anciennes, des logiciels de comptabilité ou des lecteurs réseau pourraient ne plus se connecter. Cela prend effet après un redémarrage.	Browser funktionieren weiter. Sehr alte Apps, Buchhaltungssoftware oder Netzlaufwerke können sich evtl. nicht verbinden. Es wird nach einem Neustart wirksam.	Os navegadores continuam funcionando. Aplicativos muito antigos, software de contabilidade ou unidades de rede podem não conectar. Entra em vigor após reiniciar.	I browser continuano a funzionare. App molto vecchie, software di contabilità o unità di rete potrebbero non collegarsi. Ha effetto dopo un riavvio.
