Online speech recognition	Reconocimiento de voz en línea	Reconnaissance vocale en ligne	Online-Spracherkennung	Reconhecimento de voz online	Riconoscimento vocale online
Sending typing and handwriting	Envío de lo que escribes a teclado y a mano	Envoi de ce que vous tapez et écrivez à la main	Senden von Tipp- und Handschrift-Daten	Envio do que você digita e escreve à mão	Invio di ciò che digiti e scrivi a mano
Messages on the lock screen	Mensajes en la pantalla de bloqueo	Messages sur l'écran de verrouillage	Nachrichten auf dem Sperrbildschirm	Mensagens na tela de bloqueio	Messaggi nella schermata di blocco
Email address on the sign-in screen	Correo electrónico en la pantalla de inicio de sesión	Adresse e-mail sur l'écran de connexion	E-Mail-Adresse auf dem Anmeldebildschirm	Endereço de e-mail na tela de entrada	Indirizzo e-mail nella schermata di accesso
Your voice being sent to an online service	Tu voz enviándose a un servicio en línea	Votre voix envoyée à un service en ligne	Ihre Stimme, die an einen Online-Dienst gesendet wird	Sua voz sendo enviada a um serviço online	La tua voce inviata a un servizio online
Samples of what you type and write being sent to Microsoft	Muestras de lo que escribes enviándose a Microsoft	Des échantillons de ce que vous tapez et écrivez envoyés à Microsoft	Proben Ihrer Tipp- und Handschrift-Eingaben, die an Microsoft gesendet werden	Amostras do que você digita e escreve sendo enviadas à Microsoft	Campioni di ciò che digiti e scrivi inviati a Microsoft
Anyone nearby reading your messages on the lock screen	Cualquiera cerca leyendo tus mensajes en la pantalla de bloqueo	Une personne proche lisant vos messages sur l'écran de verrouillage	Personen in der Nähe, die Ihre Nachrichten auf dem Sperrbildschirm lesen	Qualquer pessoa por perto lendo suas mensagens na tela de bloqueio	Chiunque si trovi vicino che legge i tuoi messaggi nella schermata di blocco
Your email address showing on the sign-in screen	Tu correo electrónico visible en la pantalla de inicio de sesión	Votre adresse e-mail visible sur l'écran de connexion	Ihre E-Mail-Adresse, die auf dem Anmeldebildschirm angezeigt wird	Seu e-mail aparecendo na tela de entrada	Il tuo indirizzo e-mail visibile nella schermata di accesso
Voice typing and dictation stop working. Nothing else changes.	La escritura por voz y el dictado dejan de funcionar. Nada más cambia.	La saisie vocale et la dictée ne fonctionnent plus. Rien d'autre ne change.	Spracheingabe und Diktat funktionieren nicht mehr. Sonst ändert sich nichts.	A digitação por voz e o ditado deixam de funcionar. Nada mais muda.	La digitazione vocale e il dettato smettono di funzionare. Nient'altro cambia.
Windows stops sending what you type and write. Suggestions may improve more slowly.	Windows deja de enviar lo que escribes. Las sugerencias pueden mejorar más despacio.	Windows cesse d'envoyer ce que vous tapez et écrivez. Les suggestions peuvent s'améliorer plus lentement.	Windows sendet Ihre Eingaben nicht mehr. Vorschläge werden eventuell langsamer besser.	O Windows deixa de enviar o que você digita e escreve. As sugestões podem melhorar mais devagar.	Windows smette di inviare ciò che digiti e scrivi. I suggerimenti potrebbero migliorare più lentamente.
Messages no longer show on the lock screen. You still see them after you sign in.	Los mensajes ya no se muestran en la pantalla de bloqueo. Los sigues viendo al iniciar sesión.	Les messages ne s'affichent plus sur l'écran de verrouillage. Vous les voyez toujours après la connexion.	Nachrichten erscheinen nicht mehr auf dem Sperrbildschirm. Nach der Anmeldung sehen Sie sie weiterhin.	As mensagens não aparecem mais na tela de bloqueio. Você ainda as vê depois de entrar.	I messaggi non compaiono più nella schermata di blocco. Li vedi comunque dopo l'accesso.
The sign-in screen no longer shows your email address.	La pantalla de inicio de sesión ya no muestra tu correo electrónico.	L'écran de connexion n'affiche plus votre adresse e-mail.	Der Anmeldebildschirm zeigt Ihre E-Mail-Adresse nicht mehr an.	A tela de entrada não mostra mais seu e-mail.	La schermata di accesso non mostra più il tuo indirizzo e-mail.
Online speech recognition sends what you say to Microsoft so Windows can turn your voice into text.	El reconocimiento de voz en línea envía lo que dices a Microsoft para que Windows convierta tu voz en texto.	La reconnaissance vocale en ligne envoie ce que vous dites à Microsoft pour que Windows transforme votre voix en texte.	Die Online-Spracherkennung sendet, was Sie sagen, an Microsoft, damit Windows Ihre Stimme in Text umwandeln kann.	O reconhecimento de voz online envia o que você diz à Microsoft para que o Windows transforme sua voz em texto.	Il riconoscimento vocale online invia ciò che dici a Microsoft in modo che Windows trasformi la tua voce in testo.
Your voice leaves your PC, and an online service may keep recordings of it to improve itself.	Tu voz sale de tu PC y un servicio en línea puede guardar grabaciones para mejorar.	Votre voix quitte votre PC, et un service en ligne peut en conserver des enregistrements pour s'améliorer.	Ihre Stimme verlässt Ihren PC, und ein Online-Dienst kann Aufnahmen speichern, um sich zu verbessern.	Sua voz sai do seu PC e um serviço online pode guardar gravações dela para melhorar.	La tua voce lascia il PC e un servizio online può conservarne le registrazioni per migliorarsi.
Nobody can turn it on, so voice typing and dictation stop working. Not for Windows Home. You can undo this.	Nadie puede activarlo, así que la escritura por voz y el dictado dejan de funcionar. No para Windows Home. Puedes deshacerlo.	Personne ne peut l'activer, donc la saisie vocale et la dictée ne fonctionnent plus. Pas pour Windows Famille. Vous pouvez l'annuler.	Niemand kann es einschalten, daher funktionieren Spracheingabe und Diktat nicht mehr. Nicht für Windows Home. Sie können es rückgängig machen.	Ninguém pode ativá-lo, então a digitação por voz e o ditado deixam de funcionar. Não para Windows Home. Você pode desfazer.	Nessuno può attivarlo, quindi la digitazione vocale e il dettato smettono di funzionare. Non per Windows Home. Puoi annullare.
Windows can send samples of what you type and write by hand to Microsoft to improve its suggestions.	Windows puede enviar a Microsoft muestras de lo que escribes con el teclado y a mano para mejorar sus sugerencias.	Windows peut envoyer à Microsoft des échantillons de ce que vous tapez et écrivez à la main pour améliorer ses suggestions.	Windows kann Proben dessen, was Sie tippen und von Hand schreiben, an Microsoft senden, um seine Vorschläge zu verbessern.	O Windows pode enviar à Microsoft amostras do que você digita e escreve à mão para melhorar suas sugestões.	Windows può inviare a Microsoft campioni di ciò che digiti e scrivi a mano per migliorare i suoi suggerimenti.
Small pieces of your writing leave your PC, even though they are meant to be kept anonymous.	Pequeños fragmentos de lo que escribes salen de tu PC, aunque deberían mantenerse anónimos.	De petits morceaux de ce que vous écrivez quittent votre PC, même s'ils sont censés rester anonymes.	Kleine Teile Ihres Geschriebenen verlassen Ihren PC, auch wenn sie anonym bleiben sollen.	Pequenos trechos do que você escreve saem do seu PC, mesmo que devam permanecer anônimos.	Piccoli frammenti di ciò che scrivi lasciano il tuo PC, anche se dovrebbero restare anonimi.
Windows stops sending samples. Typing and handwriting still work. Not for Windows Home. You can undo this.	Windows deja de enviar muestras. Escribir y la escritura a mano siguen funcionando. No para Windows Home. Puedes deshacerlo.	Windows cesse d'envoyer des échantillons. La saisie et l'écriture à la main fonctionnent toujours. Pas pour Windows Famille. Vous pouvez l'annuler.	Windows sendet keine Proben mehr. Tippen und Handschrift funktionieren weiter. Nicht für Windows Home. Sie können es rückgängig machen.	O Windows deixa de enviar amostras. Digitar e escrever à mão continuam funcionando. Não para Windows Home. Você pode desfazer.	Windows smette di inviare campioni. Scrivere con la tastiera e a mano funziona ancora. Non per Windows Home. Puoi annullare.
While your PC is locked, messages and alerts from your apps can show up on the lock screen.	Mientras tu PC está bloqueado, los mensajes y avisos de tus aplicaciones pueden aparecer en la pantalla de bloqueo.	Pendant que votre PC est verrouillé, les messages et alertes de vos applications peuvent s'afficher sur l'écran de verrouillage.	Solange Ihr PC gesperrt ist, können Nachrichten und Hinweise Ihrer Apps auf dem Sperrbildschirm erscheinen.	Enquanto seu PC está bloqueado, mensagens e alertas dos seus aplicativos podem aparecer na tela de bloqueio.	Mentre il PC è bloccato, i messaggi e gli avvisi delle tue app possono comparire nella schermata di blocco.
Someone standing near your PC could read your messages, codes and reminders without signing in.	Alguien cerca de tu PC podría leer tus mensajes, códigos y recordatorios sin iniciar sesión.	Une personne près de votre PC pourrait lire vos messages, codes et rappels sans se connecter.	Jemand in der Nähe Ihres PCs könnte Ihre Nachrichten, Codes und Erinnerungen ohne Anmeldung lesen.	Alguém perto do seu PC poderia ler suas mensagens, códigos e lembretes sem entrar.	Qualcuno vicino al tuo PC potrebbe leggere i tuoi messaggi, codici e promemoria senza accedere.
Your lock screen stays quiet. You still see notifications after you sign in. Not for Windows Home. You can undo this.	Tu pantalla de bloqueo permanece en silencio. Sigues viendo las notificaciones al iniciar sesión. No para Windows Home. Puedes deshacerlo.	Votre écran de verrouillage reste silencieux. Vous voyez toujours les notifications après la connexion. Pas pour Windows Famille. Vous pouvez l'annuler.	Ihr Sperrbildschirm bleibt ruhig. Nach der Anmeldung sehen Sie die Benachrichtigungen weiterhin. Nicht für Windows Home. Sie können es rückgängig machen.	Sua tela de bloqueio fica silenciosa. Você ainda vê as notificações depois de entrar. Não para Windows Home. Você pode desfazer.	La schermata di blocco resta silenziosa. Vedi comunque le notifiche dopo l'accesso. Non per Windows Home. Puoi annullare.
Windows can show your email address on the sign-in screen, even before anyone has signed in.	Windows puede mostrar tu correo electrónico en la pantalla de inicio de sesión, incluso antes de que alguien inicie sesión.	Windows peut afficher votre adresse e-mail sur l'écran de connexion, avant même que quiconque se connecte.	Windows kann Ihre E-Mail-Adresse auf dem Anmeldebildschirm anzeigen, noch bevor sich jemand angemeldet hat.	O Windows pode mostrar seu e-mail na tela de entrada, mesmo antes de alguém entrar.	Windows può mostrare il tuo indirizzo e-mail nella schermata di accesso, anche prima che qualcuno acceda.
Anyone who walks past your PC or looks at a screen share could learn your email address.	Cualquiera que pase junto a tu PC o vea una pantalla compartida podría conocer tu correo electrónico.	Toute personne qui passe près de votre PC ou voit un partage d'écran pourrait connaître votre adresse e-mail.	Jeder, der an Ihrem PC vorbeigeht oder eine Bildschirmfreigabe sieht, könnte Ihre E-Mail-Adresse erfahren.	Qualquer pessoa que passe perto do seu PC ou veja um compartilhamento de tela poderia descobrir seu e-mail.	Chiunque passi vicino al tuo PC o veda una condivisione dello schermo potrebbe conoscere il tuo indirizzo e-mail.
Nobody can turn that on, so the sign-in screen shows only your name or picture. Not for Windows Home. You can undo this.	Nadie puede activarlo, así que la pantalla de inicio de sesión muestra solo tu nombre o imagen. No para Windows Home. Puedes deshacerlo.	Personne ne peut l'activer, donc l'écran de connexion n'affiche que votre nom ou votre image. Pas pour Windows Famille. Vous pouvez l'annuler.	Niemand kann das einschalten, daher zeigt der Anmeldebildschirm nur Ihren Namen oder Ihr Bild. Nicht für Windows Home. Sie können es rückgängig machen.	Ninguém pode ativá-lo, então a tela de entrada mostra apenas seu nome ou imagem. Não para Windows Home. Você pode desfazer.	Nessuno può attivarlo, quindi la schermata di accesso mostra solo il tuo nome o la tua immagine. Non per Windows Home. Puoi annullare.
