Viruses and threats	Virus y amenazas	Virus et menaces	Viren und Bedrohungen	Vírus e ameaças	Virus e minacce
Sign-in	Inicio de sesión	Connexion	Anmeldung	Início de sessão	Accesso
Network	Red	Réseau	Netzwerk	Rede	Rete
Windows	Windows	Windows	Windows	Windows	Windows
Browsers	Navegadores	Navigateurs	Browser	Navegadores	Browser
{n} to fix	{n} por corregir	{n} à corriger	{n} zu beheben	{n} a corrigir	{n} da correggere
{n} switched back	{n} cambiados otra vez	{n} modifiés à nouveau	{n} wieder umgestellt	{n} alterados de novo	{n} cambiati di nuovo
1 option	1 opción	1 option	1 Option	1 opção	1 opzione
{n} options	{n} opciones	{n} options	{n} Optionen	{n} opções	{n} opzioni
All set	Todo en orden	Tout est en ordre	Alles in Ordnung	Tudo certo	Tutto a posto
1 setting was switched back since Secblitz fixed it.	1 ajuste se cambió otra vez desde que Secblitz lo corrigió.	1 réglage a été modifié à nouveau depuis que Secblitz l'a corrigé.	1 Einstellung wurde wieder umgestellt, seit Secblitz sie behoben hat.	1 definição foi alterada de novo desde que o Secblitz a corrigiu.	1 impostazione è stata cambiata di nuovo dopo la correzione di Secblitz.
{n} settings were switched back since Secblitz fixed them.	{n} ajustes se cambiaron otra vez desde que Secblitz los corrigió.	{n} réglages ont été modifiés à nouveau depuis que Secblitz les a corrigés.	{n} Einstellungen wurden wieder umgestellt, seit Secblitz sie behoben hat.	{n} definições foram alteradas de novo desde que o Secblitz as corrigiu.	{n} impostazioni sono state cambiate di nuovo dopo la correzione di Secblitz.
Put it back	Corregirlo otra vez	Le corriger à nouveau	Erneut beheben	Corrigir de novo	Correggila di nuovo
Put them back	Corregirlos otra vez	Les corriger à nouveau	Erneut beheben	Corrigir de novo	Correggile di nuovo
1 recommended fix	1 corrección recomendada	1 correction recommandée	1 empfohlene Korrektur	1 correção recomendada	1 correzione consigliata
{n} recommended fixes	{n} correcciones recomendadas	{n} corrections recommandées	{n} empfohlene Korrekturen	{n} correções recomendadas	{n} correzioni consigliate
Review fixes	Revisar correcciones	Examiner les corrections	Korrekturen ansehen	Rever correções	Controlla le correzioni
Fix {n} selected	Corregir {n} elegidos	Corriger {n} sélectionnés	{n} ausgewählte beheben	Corrigir {n} escolhidos	Correggi {n} selezionati
Switched back	Cambiado otra vez	Modifié à nouveau	Wieder umgestellt	Alterado de novo	Cambiato di nuovo
Optional	Opcional	Facultatif	Optional	Opcional	Facoltativo
Not part of your protection score. Nothing here is chosen for you.	No cuenta en tu nivel de protección. Aquí no se elige nada por ti.	Ne compte pas dans votre niveau de protection. Rien n'est choisi à votre place.	Zählt nicht zu deinem Schutzwert. Hier wird nichts für dich ausgewählt.	Não conta na sua pontuação de proteção. Nada aqui é escolhido por si.	Non conta nel tuo livello di protezione. Qui nulla è scelto al posto tuo.
More	Más	Plus	Mehr	Mais	Altro
More in Clean up apps	Más en Limpiar aplicaciones	Plus dans Nettoyer les applications	Mehr unter Apps aufräumen	Mais em Limpar apps	Altro in Pulisci le app
Remove apps you don't use.	Quita las aplicaciones que no usas.	Supprimez les applications que vous n'utilisez pas.	Entferne Apps, die du nicht benutzt.	Remova os apps que não usa.	Rimuovi le app che non usi.
