Old password leftovers	Restos de contraseñas antiguas	Restes d'anciens mots de passe	Alte Passwort-Reste	Resquícios de senhas antigas	Resti di vecchie password
Dangerous driver blocking	Bloqueo de controladores peligrosos	Blocage des pilotes dangereux	Blockierung gefährlicher Treiber	Bloqueio de drivers perigosos	Blocco dei driver pericolosi
Built-in memory protections	Protecciones de memoria integradas	Protections mémoire intégrées	Eingebaute Speicherschutzfunktionen	Proteções de memória integradas	Protezioni di memoria integrate
Old scripting tool	Herramienta de scripts antigua	Ancien outil de scripts	Altes Skript-Werkzeug	Ferramenta de scripts antiga	Vecchio strumento per script
Printing open to the network	Impresión abierta a la red	Impression ouverte au réseau	Drucken für das Netzwerk offen	Impressão aberta à rede	Stampa aperta alla rete
Leftover remote-access services	Servicios de acceso remoto sobrantes	Services d'accès à distance oubliés	Übrig gebliebene Fernzugriffsdienste	Serviços de acesso remoto esquecidos	Servizi di accesso remoto dimenticati
Password after sleep	Contraseña tras la suspensión	Mot de passe après la veille	Passwort nach dem Ruhezustand	Senha após a suspensão	Password dopo la sospensione
Store app updates	Actualizaciones de apps de la Tienda	Mises à jour des applis du Store	Updates für Store-Apps	Atualizações de apps da Loja	Aggiornamenti delle app dello Store
Paused Windows updates	Actualizaciones de Windows en pausa	Mises à jour Windows en pause	Pausierte Windows-Updates	Atualizações do Windows em pausa	Aggiornamenti di Windows in pausa
Unknown download warnings	Avisos de descargas desconocidas	Avertissements pour téléchargements inconnus	Warnungen vor unbekannten Downloads	Avisos de downloads desconhecidos	Avvisi per download sconosciuti
Recall screenshots	Capturas de Recall	Captures d'écran de Recall	Recall-Bildschirmfotos	Capturas do Recall	Schermate di Recall
Diagnostic data	Datos de diagnóstico	Données de diagnostic	Diagnosedaten	Dados de diagnóstico	Dati di diagnostica
Update sharing	Uso compartido de actualizaciones	Partage des mises à jour	Updates teilen	Compartilhamento de atualizações	Condivisione degli aggiornamenti
Clipboard sync	Sincronización del portapapeles	Synchronisation du presse-papiers	Zwischenablage-Synchronisierung	Sincronização da área de transferência	Sincronizzazione degli appunti
Antivirus skip list	Lista de exclusiones del antivirus	Liste d'exclusions de l'antivirus	Ausnahmeliste des Virenschutzes	Lista de exclusões do antivírus	Elenco di esclusioni dell'antivirus
Weak stored copies of your password being cracked	Copias débiles de tu contraseña descifradas	Des copies faibles de votre mot de passe déchiffrées	Schwache gespeicherte Kopien Ihres Passworts geknackt	Cópias fracas da sua senha sendo decifradas	Copie deboli della tua password decifrate
Attackers using a flawed driver to switch off your security	Atacantes usando un controlador defectuoso para desactivar tu seguridad	Des pirates utilisant un pilote défaillant pour couper votre sécurité	Angreifer, die mit einem fehlerhaften Treiber Ihren Schutz abschalten	Invasores usando um driver com falhas para desligar sua segurança	Aggressori che usano un driver difettoso per disattivare la tua sicurezza
A program bug being turned into a full break-in	Un error de un programa convertido en una intrusión total	Un bogue de programme transformé en intrusion complète	Ein Programmfehler, der zum vollständigen Einbruch genutzt wird	Uma falha de programa virando uma invasão completa	Un errore di un programma usato per un'intrusione completa
Attackers running harmful scripts through an old back door	Atacantes ejecutando scripts dañinos por una puerta trasera antigua	Des pirates lançant des scripts nuisibles par une vieille porte dérobée	Angreifer, die schädliche Skripte über eine alte Hintertür starten	Invasores executando scripts nocivos por uma porta dos fundos antiga	Aggressori che eseguono script dannosi da una vecchia porta di servizio
Someone on your network using printing flaws to take over your PC	Alguien en tu red usando fallos de impresión para controlar tu PC	Quelqu'un sur votre réseau exploitant l'impression pour prendre votre PC	Jemand in Ihrem Netzwerk, der Druckfehler nutzt, um Ihren PC zu übernehmen	Alguém na sua rede usando falhas de impressão para tomar seu PC	Qualcuno sulla tua rete che sfrutta la stampa per prendere il controllo del PC
Strangers reaching your PC through forgotten remote-access tools	Desconocidos llegando a tu PC por herramientas de acceso remoto olvidadas	Des inconnus atteignant votre PC par des outils d'accès à distance oubliés	Fremde, die über vergessene Fernzugriffstools auf Ihren PC gelangen	Desconhecidos chegando ao seu PC por ferramentas de acesso remoto esquecidas	Sconosciuti che raggiungono il tuo PC tramite strumenti di accesso remoto dimenticati
Anyone nearby opening your PC while you are away	Cualquiera cerca abriendo tu PC mientras no estás	N'importe qui à proximité ouvrant votre PC en votre absence	Jeder in der Nähe, der Ihren PC in Ihrer Abwesenheit öffnet	Qualquer pessoa por perto abrindo seu PC enquanto você está longe	Chiunque vicino che apre il tuo PC mentre sei lontano
Store apps staying out of date and open to known flaws	Apps de la Tienda desactualizadas y expuestas a fallos conocidos	Applis du Store obsolètes et exposées à des failles connues	Veraltete Store-Apps mit bekannten Schwachstellen	Apps da Loja desatualizados e expostos a falhas conhecidas	App dello Store non aggiornate ed esposte a falle note
Security fixes waiting while known flaws stay open	Correcciones de seguridad en espera mientras los fallos siguen abiertos	Des correctifs en attente alors que des failles restent ouvertes	Wartende Sicherheitsupdates, während bekannte Lücken offen bleiben	Correções de segurança em espera enquanto as falhas continuam abertas	Correzioni di sicurezza in attesa mentre le falle restano aperte
Fake installers and harmful downloads starting with one click	Instaladores falsos y descargas dañinas que arrancan con un clic	De faux installateurs et des téléchargements nuisibles lancés en un clic	Gefälschte Installationsprogramme und schädliche Downloads, die mit einem Klick starten	Instaladores falsos e downloads nocivos iniciando com um clique	Falsi programmi di installazione e download dannosi avviati con un clic
Pictures of your screen, passwords included, being kept on this PC	Imágenes de tu pantalla, con contraseñas incluidas, guardadas en este PC	Des images de votre écran, mots de passe compris, conservées sur ce PC	Bilder Ihres Bildschirms samt Passwörtern, die auf diesem PC gespeichert werden	Imagens da sua tela, senhas incluídas, guardadas neste PC	Immagini dello schermo, password comprese, conservate su questo PC
More details about how you use your PC leaving it than needed	Más datos de los necesarios sobre cómo usas tu PC saliendo de él	Plus de détails que nécessaire sur votre usage du PC qui en sortent	Mehr Details zur Nutzung Ihres PCs als nötig verlassen ihn	Mais detalhes do que o necessário sobre o uso do seu PC saindo dele	Più dettagli del necessario su come usi il PC che lasciano il computer
Your PC sending files to strangers over your connection	Tu PC enviando archivos a desconocidos por tu conexión	Votre PC envoyant des fichiers à des inconnus via votre connexion	Ihr PC sendet Dateien über Ihre Verbindung an Fremde	Seu PC enviando arquivos a desconhecidos pela sua conexão	Il tuo PC che invia file a sconosciuti tramite la tua connessione
What you copy showing up on your other devices	Lo que copias apareciendo en tus otros dispositivos	Ce que vous copiez apparaissant sur vos autres appareils	Kopiertes, das auf Ihren anderen Geräten auftaucht	O que você copia aparecendo nos seus outros dispositivos	Ciò che copi che compare sugli altri tuoi dispositivi
Malware hiding in places your antivirus skips	Malware escondido en lugares que tu antivirus omite	Des logiciels malveillants cachés dans des lieux ignorés par l'antivirus	Schadsoftware, die sich an Orten versteckt, die der Virenschutz überspringt	Malware escondido em locais que seu antivírus ignora	Malware nascosto in luoghi che l'antivirus salta
Very old network drives or scanners may stop connecting. Needs a restart.	Unidades de red o escáneres muy antiguos pueden dejar de conectarse. Requiere reiniciar.	Des lecteurs réseau ou scanners très anciens peuvent ne plus se connecter. Redémarrage nécessaire.	Sehr alte Netzlaufwerke oder Scanner verbinden sich eventuell nicht mehr. Neustart nötig.	Unidades de rede ou scanners muito antigos podem deixar de conectar. Requer reinício.	Unità di rete o scanner molto vecchi potrebbero non connettersi più. Serve un riavvio.
A very old hardware tool may stop working if its driver is on the list. Needs a restart.	Una herramienta de hardware muy antigua puede dejar de funcionar si su controlador está en la lista. Requiere reiniciar.	Un très ancien outil matériel peut cesser de fonctionner si son pilote figure sur la liste. Redémarrage nécessaire.	Ein sehr altes Hardware-Tool funktioniert eventuell nicht mehr, wenn sein Treiber auf der Liste steht. Neustart nötig.	Uma ferramenta de hardware muito antiga pode parar se o driver estiver na lista. Requer reinício.	Uno strumento hardware molto vecchio potrebbe smettere di funzionare se il driver è nell'elenco. Serve un riavvio.
Very old scripts that need the old version stop working. Removing it can take a minute.	Los scripts muy antiguos que necesitan la versión vieja dejan de funcionar. Quitarla puede tardar un minuto.	Les très anciens scripts qui ont besoin de l'ancienne version cessent de fonctionner. Le retrait peut prendre une minute.	Sehr alte Skripte, die die alte Version brauchen, funktionieren nicht mehr. Das Entfernen kann eine Minute dauern.	Scripts muito antigos que precisam da versão velha deixam de funcionar. Remover pode levar um minuto.	Gli script molto vecchi che richiedono la vecchia versione smettono di funzionare. La rimozione può richiedere un minuto.
Other computers can no longer print through this PC. Printing restarts for a moment.	Otros equipos ya no podrán imprimir a través de este PC. La impresión se reinicia un momento.	Les autres ordinateurs ne pourront plus imprimer via ce PC. L'impression redémarre un instant.	Andere Computer können nicht mehr über diesen PC drucken. Das Drucken startet kurz neu.	Outros computadores não poderão mais imprimir por este PC. A impressão reinicia por um momento.	Gli altri computer non potranno più stampare tramite questo PC. La stampa si riavvia per un momento.
Remote tools that use these services stop working until you turn them back on.	Las herramientas remotas que usan estos servicios dejan de funcionar hasta que los actives de nuevo.	Les outils à distance qui utilisent ces services cessent de fonctionner jusqu'à leur réactivation.	Fernwartungstools, die diese Dienste nutzen, funktionieren nicht, bis Sie sie wieder einschalten.	Ferramentas remotas que usam esses serviços param de funcionar até você reativá-los.	Gli strumenti remoti che usano questi servizi smettono di funzionare finché non li riattivi.
You will type your password each time the PC wakes from sleep.	Escribirás tu contraseña cada vez que el PC despierte de la suspensión.	Vous saisirez votre mot de passe à chaque sortie de veille du PC.	Sie geben Ihr Passwort jedes Mal ein, wenn der PC aus dem Ruhezustand aufwacht.	Você digitará sua senha toda vez que o PC sair da suspensão.	Digiterai la password ogni volta che il PC si riattiva dalla sospensione.
Store apps will go back to updating by themselves.	Las apps de la Tienda volverán a actualizarse solas.	Les applis du Store se mettront de nouveau à jour toutes seules.	Store-Apps aktualisieren sich wieder von selbst.	Os apps da Loja voltarão a se atualizar sozinhos.	Le app dello Store torneranno ad aggiornarsi da sole.
Windows will start downloading updates again and may ask you to restart.	Windows volverá a descargar actualizaciones y puede pedirte que reinicies.	Windows recommencera à télécharger les mises à jour et pourra vous demander de redémarrer.	Windows lädt wieder Updates herunter und bittet Sie eventuell um einen Neustart.	O Windows voltará a baixar atualizações e pode pedir que você reinicie.	Windows riprenderà a scaricare gli aggiornamenti e potrebbe chiederti di riavviare.
Windows will warn you before you run unknown programs. You can still choose to run them.	Windows te avisará antes de ejecutar programas desconocidos. Aun así podrás ejecutarlos.	Windows vous avertira avant d'exécuter des programmes inconnus. Vous pourrez quand même les lancer.	Windows warnt Sie, bevor Sie unbekannte Programme starten. Sie können sie trotzdem ausführen.	O Windows avisará antes de você executar programas desconhecidos. Você ainda poderá executá-los.	Windows ti avviserà prima di eseguire programmi sconosciuti. Potrai comunque eseguirli.
Windows stops saving screen pictures and deletes the ones it kept.	Windows deja de guardar imágenes de la pantalla y borra las que tenía.	Windows cesse d'enregistrer des images de l'écran et supprime celles conservées.	Windows speichert keine Bildschirmbilder mehr und löscht die vorhandenen.	O Windows para de guardar imagens da tela e apaga as que guardou.	Windows smette di salvare immagini dello schermo ed elimina quelle conservate.
Windows sends only the basic diagnostic data it needs. Nothing stops working.	Windows envía solo los datos de diagnóstico básicos que necesita. Nada deja de funcionar.	Windows n'envoie que les données de diagnostic de base nécessaires. Rien ne cesse de fonctionner.	Windows sendet nur die nötigen Basis-Diagnosedaten. Nichts hört auf zu funktionieren.	O Windows envia apenas os dados básicos de diagnóstico necessários. Nada deixa de funcionar.	Windows invia solo i dati di diagnostica di base necessari. Niente smette di funzionare.
Updates still come from Microsoft. This PC just stops sharing them with others.	Las actualizaciones siguen llegando de Microsoft. Este PC solo deja de compartirlas con otros.	Les mises à jour viennent toujours de Microsoft. Ce PC cesse simplement de les partager.	Updates kommen weiterhin von Microsoft. Dieser PC teilt sie nur nicht mehr mit anderen.	As atualizações continuam vindo da Microsoft. Este PC apenas deixa de compartilhá-las com outros.	Gli aggiornamenti arrivano ancora da Microsoft. Questo PC smette solo di condividerli con altri.
What you copy stays on this PC and no longer appears on your other devices.	Lo que copias se queda en este PC y ya no aparece en tus otros dispositivos.	Ce que vous copiez reste sur ce PC et n'apparaît plus sur vos autres appareils.	Was Sie kopieren, bleibt auf diesem PC und erscheint nicht mehr auf Ihren anderen Geräten.	O que você copia fica neste PC e não aparece mais nos seus outros dispositivos.	Ciò che copi resta su questo PC e non compare più sugli altri tuoi dispositivi.
Skipped places are scanned again, so some games or work tools may scan slower.	Los lugares omitidos se analizan de nuevo, así que algunos juegos o herramientas pueden ir más lentos.	Les emplacements ignorés sont de nouveau analysés, certains jeux ou outils peuvent donc être plus lents.	Übersprungene Orte werden wieder geprüft, einige Spiele oder Arbeitstools laufen daher evtl. langsamer.	Os locais ignorados voltam a ser analisados, então alguns jogos ou ferramentas podem ficar mais lentos.	I luoghi esclusi vengono analizzati di nuovo, quindi alcuni giochi o strumenti possono rallentare.
We can fix this. It switches Windows' built-in memory protections back on.	Podemos arreglarlo. Reactiva las protecciones de memoria integradas de Windows.	Nous pouvons corriger cela. Cela réactive les protections mémoire intégrées de Windows.	Das können wir beheben. Es schaltet die eingebauten Speicherschutzfunktionen von Windows wieder ein.	Podemos corrigir isso. Reativa as proteções de memória integradas do Windows.	Possiamo risolverlo. Riattiva le protezioni di memoria integrate di Windows.
Recall is not on this PC, so there is nothing to change.	Recall no está en este PC, así que no hay nada que cambiar.	Recall n'est pas sur ce PC, il n'y a donc rien à changer.	Recall ist auf diesem PC nicht vorhanden, daher gibt es nichts zu ändern.	O Recall não está neste PC, então não há nada a mudar.	Recall non è presente su questo PC, quindi non c'è nulla da cambiare.
Windows Home does not support this setting, so we leave it alone.	Windows Home no admite este ajuste, así que lo dejamos como está.	Windows Famille ne prend pas en charge ce réglage, nous n'y touchons donc pas.	Windows Home unterstützt diese Einstellung nicht, daher lassen wir sie unverändert.	O Windows Home não oferece esta configuração, então a deixamos como está.	Windows Home non supporta questa impostazione, quindi la lasciamo com'è.
A printer on this PC is shared with others, so we leave this alone.	Una impresora de este PC está compartida con otros, así que lo dejamos como está.	Une imprimante de ce PC est partagée avec d'autres, nous n'y touchons donc pas.	Ein Drucker an diesem PC ist freigegeben, daher lassen wir das unverändert.	Uma impressora deste PC está compartilhada com outros, então deixamos como está.	Una stampante di questo PC è condivisa con altri, quindi la lasciamo com'è.
Give your account a password first, then check again.	Primero ponle una contraseña a tu cuenta y vuelve a comprobar.	Donnez d'abord un mot de passe à votre compte, puis vérifiez de nouveau.	Geben Sie Ihrem Konto zuerst ein Passwort und prüfen Sie dann erneut.	Primeiro dê uma senha à sua conta e verifique de novo.	Imposta prima una password per il tuo account, poi controlla di nuovo.
We could not tell which account is signed in, so we leave this alone.	No pudimos saber qué cuenta está conectada, así que lo dejamos como está.	Nous n'avons pas pu savoir quel compte est connecté, nous n'y touchons donc pas.	Wir konnten nicht feststellen, welches Konto angemeldet ist, daher lassen wir das unverändert.	Não foi possível saber qual conta está conectada, então deixamos como está.	Non siamo riusciti a capire quale account è connesso, quindi lo lasciamo com'è.
Windows can keep a weak, old-style copy of your password and let a background process sign in without a name.	Windows puede guardar una copia débil y antigua de tu contraseña y dejar que un proceso en segundo plano inicie sesión sin nombre.	Windows peut garder une copie faible et ancienne de votre mot de passe et laisser un processus en arrière-plan se connecter sans nom.	Windows kann eine schwache, alte Kopie Ihres Passworts speichern und einen Hintergrundprozess ohne Namen anmelden lassen.	O Windows pode guardar uma cópia fraca e antiga da sua senha e deixar um processo em segundo plano entrar sem nome.	Windows può conservare una copia debole e vecchio stile della tua password e lasciare che un processo in background acceda senza nome.
Someone who got hold of that weak copy could work out your password quickly, or reach shared items without signing in.	Quien obtuviera esa copia débil podría deducir tu contraseña rápido o acceder a elementos compartidos sin iniciar sesión.	Quelqu'un qui obtiendrait cette copie faible pourrait deviner votre mot de passe vite, ou accéder à des éléments partagés sans se connecter.	Wer diese schwache Kopie in die Hände bekommt, könnte Ihr Passwort schnell herausfinden oder ohne Anmeldung auf Freigaben zugreifen.	Quem pegasse essa cópia fraca poderia descobrir sua senha rápido ou acessar itens compartilhados sem entrar.	Chi ottenesse quella copia debole potrebbe ricavare la tua password in fretta o raggiungere elementi condivisi senza accedere.
Nothing you'll notice day to day. Very old network drives or scanners may stop connecting. Needs a restart.	Nada que notes en el día a día. Unidades de red o escáneres muy antiguos pueden dejar de conectarse. Requiere reiniciar.	Rien de visible au quotidien. Des lecteurs réseau ou scanners très anciens peuvent ne plus se connecter. Redémarrage nécessaire.	Im Alltag merken Sie nichts. Sehr alte Netzlaufwerke oder Scanner verbinden sich eventuell nicht mehr. Neustart nötig.	Nada que você note no dia a dia. Unidades de rede ou scanners muito antigos podem deixar de conectar. Requer reinício.	Nulla che noterai ogni giorno. Unità di rete o scanner molto vecchi potrebbero non connettersi più. Serve un riavvio.
Windows keeps a list of hardware programs, called drivers, that are known to be dangerous and refuses to load them.	Windows mantiene una lista de programas de hardware, llamados controladores, que se sabe que son peligrosos y no los carga.	Windows tient une liste de programmes matériels, appelés pilotes, connus pour être dangereux et refuse de les charger.	Windows führt eine Liste bekanntermaßen gefährlicher Hardware-Programme, sogenannter Treiber, und lädt sie nicht.	O Windows mantém uma lista de programas de hardware, chamados drivers, sabidamente perigosos e se recusa a carregá-los.	Windows tiene un elenco di programmi hardware, chiamati driver, noti come pericolosi e rifiuta di caricarli.
Malware can bring along a trusted but flawed driver and use it to switch off your security software.	El malware puede traer un controlador de confianza pero defectuoso y usarlo para desactivar tu software de seguridad.	Un logiciel malveillant peut apporter un pilote de confiance mais défaillant et s'en servir pour couper votre sécurité.	Schadsoftware kann einen vertrauenswürdigen, aber fehlerhaften Treiber mitbringen und damit Ihre Sicherheitssoftware abschalten.	O malware pode trazer um driver confiável mas com falhas e usá-lo para desligar seu software de segurança.	Un malware può portare con sé un driver fidato ma difettoso e usarlo per disattivare il tuo software di sicurezza.
Nothing you'll notice. A very old hardware tool may stop working if its driver is on the list. Needs a restart.	Nada que notes. Una herramienta de hardware muy antigua puede dejar de funcionar si su controlador está en la lista. Requiere reiniciar.	Rien de visible. Un très ancien outil matériel peut cesser de fonctionner si son pilote figure sur la liste. Redémarrage nécessaire.	Sie merken nichts. Ein sehr altes Hardware-Tool funktioniert eventuell nicht mehr, wenn sein Treiber auf der Liste steht. Neustart nötig.	Nada que você note. Uma ferramenta de hardware muito antiga pode parar se o driver estiver na lista. Requer reinício.	Nulla di visibile. Uno strumento hardware molto vecchio potrebbe smettere di funzionare se il driver è nell'elenco. Serve un riavvio.
Windows has built-in protections that make it harder for a flaw in a program to be used to take over your PC.	Windows tiene protecciones integradas que dificultan que un fallo de un programa se use para tomar el control de tu PC.	Windows a des protections intégrées qui rendent plus difficile l'exploitation d'une faille de programme pour prendre votre PC.	Windows hat eingebaute Schutzfunktionen, die es erschweren, einen Programmfehler zur Übernahme Ihres PCs zu nutzen.	O Windows tem proteções integradas que dificultam o uso de uma falha de programa para tomar seu PC.	Windows ha protezioni integrate che rendono più difficile usare un difetto di un programma per prendere il controllo del PC.
With one of them switched off, an attacker has an easier time turning a small program bug into a full break-in.	Con una desactivada, a un atacante le resulta más fácil convertir un pequeño error en una intrusión total.	Avec l'une d'elles désactivée, un pirate transforme plus facilement un petit bogue en intrusion complète.	Ist eine davon aus, kann ein Angreifer einen kleinen Programmfehler leichter zum vollständigen Einbruch ausnutzen.	Com uma delas desligada, fica mais fácil para um invasor transformar uma pequena falha em invasão completa.	Con una di esse disattivata, a un aggressore è più facile trasformare un piccolo errore in un'intrusione completa.
Nothing you'll notice. A very old, badly written program may close unexpectedly. Needs a restart.	Nada que notes. Un programa muy antiguo y mal escrito puede cerrarse de repente. Requiere reiniciar.	Rien de visible. Un très ancien programme mal conçu peut se fermer sans prévenir. Redémarrage nécessaire.	Sie merken nichts. Ein sehr altes, schlecht geschriebenes Programm schließt sich eventuell unerwartet. Neustart nötig.	Nada que você note. Um programa muito antigo e mal feito pode fechar de repente. Requer reinício.	Nulla di visibile. Un programma molto vecchio e scritto male potrebbe chiudersi all'improvviso. Serve un riavvio.
An old version of a Windows scripting tool is still installed, kept only so very old programs keep working.	Sigue instalada una versión antigua de una herramienta de scripts de Windows, solo para que programas muy viejos sigan funcionando.	Une ancienne version d'un outil de scripts Windows est encore installée, uniquement pour que de très vieux programmes fonctionnent.	Eine alte Version eines Windows-Skript-Werkzeugs ist noch installiert, nur damit sehr alte Programme weiterlaufen.	Uma versão antiga de uma ferramenta de scripts do Windows ainda está instalada, só para programas muito antigos funcionarem.	È ancora installata una vecchia versione di uno strumento per script di Windows, tenuta solo perché programmi molto vecchi funzionino.
Attackers can start the old version to run harmful scripts while slipping past the checks of the newer one.	Los atacantes pueden iniciar la versión antigua para ejecutar scripts dañinos evitando los controles de la nueva.	Des pirates peuvent lancer l'ancienne version pour exécuter des scripts nuisibles en évitant les contrôles de la récente.	Angreifer können die alte Version starten, um schädliche Skripte auszuführen und die Prüfungen der neuen zu umgehen.	Invasores podem iniciar a versão antiga para executar scripts nocivos escapando das verificações da nova.	Gli aggressori possono avviare la vecchia versione per eseguire script dannosi aggirando i controlli di quella nuova.
Nothing you'll notice. Very old scripts that need that version will stop working. Removing it can take a minute.	Nada que notes. Los scripts muy antiguos que necesitan esa versión dejarán de funcionar. Quitarla puede tardar un minuto.	Rien de visible. Les très anciens scripts qui ont besoin de cette version cesseront de fonctionner. Le retrait peut prendre une minute.	Sie merken nichts. Sehr alte Skripte, die diese Version brauchen, funktionieren nicht mehr. Das Entfernen kann eine Minute dauern.	Nada que você note. Scripts muito antigos que precisam dessa versão deixarão de funcionar. Remover pode levar um minuto.	Nulla di visibile. Gli script molto vecchi che richiedono quella versione smetteranno di funzionare. La rimozione può richiedere un minuto.
The part of Windows that handles printing can accept requests from other computers on your network.	La parte de Windows que gestiona la impresión puede aceptar solicitudes de otros equipos de tu red.	La partie de Windows qui gère l'impression peut accepter des demandes d'autres ordinateurs de votre réseau.	Der Teil von Windows, der das Drucken steuert, kann Anfragen anderer Computer in Ihrem Netzwerk annehmen.	A parte do Windows que cuida da impressão pode aceitar pedidos de outros computadores da sua rede.	La parte di Windows che gestisce la stampa può accettare richieste da altri computer della tua rete.
Someone on the same network could use printing flaws to take over a PC that does not need to share printers.	Alguien en la misma red podría usar fallos de impresión para controlar un PC que no necesita compartir impresoras.	Quelqu'un sur le même réseau pourrait exploiter des failles d'impression pour prendre un PC qui n'a pas besoin de partager d'imprimantes.	Jemand im selben Netzwerk könnte Druckfehler nutzen, um einen PC zu übernehmen, der keine Drucker teilen muss.	Alguém na mesma rede poderia usar falhas de impressão para tomar um PC que não precisa compartilhar impressoras.	Qualcuno sulla stessa rete potrebbe sfruttare difetti di stampa per prendere un PC che non deve condividere stampanti.
You can print as usual. Other computers can no longer print through this PC. Printing restarts for a moment.	Puedes imprimir como siempre. Otros equipos ya no pueden imprimir a través de este PC. La impresión se reinicia un momento.	Vous imprimez comme d'habitude. Les autres ordinateurs ne peuvent plus imprimer via ce PC. L'impression redémarre un instant.	Sie drucken wie gewohnt. Andere Computer können nicht mehr über diesen PC drucken. Das Drucken startet kurz neu.	Você imprime como de costume. Outros computadores não podem mais imprimir por este PC. A impressão reinicia por um momento.	Stampi come al solito. Gli altri computer non possono più stampare tramite questo PC. La stampa si riavvia per un momento.
Some old remote-access services are running or set to start by themselves, such as ones for remote control or file transfer.	Algunos servicios antiguos de acceso remoto están activos o se inician solos, como los de control remoto o transferencia de archivos.	Certains vieux services d'accès à distance sont actifs ou démarrent seuls, comme ceux de contrôle à distance ou de transfert de fichiers.	Einige alte Fernzugriffsdienste laufen oder starten von selbst, etwa für Fernsteuerung oder Dateiübertragung.	Alguns serviços antigos de acesso remoto estão ativos ou iniciam sozinhos, como os de controle remoto ou transferência de arquivos.	Alcuni vecchi servizi di accesso remoto sono attivi o si avviano da soli, come quelli di controllo remoto o trasferimento file.
Anyone on your network who guesses a password could use them to get into your PC from far away.	Cualquiera en tu red que adivine una contraseña podría usarlos para entrar a tu PC desde lejos.	Quiconque sur votre réseau devinant un mot de passe pourrait s'en servir pour entrer dans votre PC à distance.	Jeder in Ihrem Netzwerk, der ein Passwort errät, könnte sie nutzen, um aus der Ferne in Ihren PC zu gelangen.	Qualquer pessoa na sua rede que adivinhe uma senha poderia usá-los para entrar no seu PC de longe.	Chiunque sulla tua rete indovini una password potrebbe usarli per entrare nel tuo PC da lontano.
Nothing you'll notice unless you use them on purpose. Remote tools that rely on them stop until you turn them back on.	Nada que notes salvo que los uses a propósito. Las herramientas remotas que dependen de ellos se detienen hasta que los actives.	Rien de visible sauf si vous les utilisez volontairement. Les outils à distance qui en dépendent s'arrêtent jusqu'à leur réactivation.	Sie merken nichts, außer Sie nutzen sie bewusst. Fernwartungstools, die sie brauchen, stoppen, bis Sie sie wieder einschalten.	Nada que você note, a menos que os use de propósito. Ferramentas remotas que dependem deles param até você reativá-los.	Nulla di visibile a meno che tu non li usi di proposito. Gli strumenti remoti che ne dipendono si fermano finché non li riattivi.
When your PC wakes from sleep, Windows can ask for your password before it shows anything.	Cuando tu PC despierta de la suspensión, Windows puede pedir tu contraseña antes de mostrar nada.	Quand votre PC sort de veille, Windows peut demander votre mot de passe avant de rien afficher.	Wenn Ihr PC aus dem Ruhezustand aufwacht, kann Windows Ihr Passwort verlangen, bevor es etwas anzeigt.	Quando seu PC sai da suspensão, o Windows pode pedir sua senha antes de mostrar qualquer coisa.	Quando il PC si riattiva dalla sospensione, Windows può chiedere la password prima di mostrare qualsiasi cosa.
If your PC is lost, or someone walks past while you are away, they could open it and see everything.	Si pierdes tu PC, o alguien pasa mientras no estás, podría abrirlo y verlo todo.	Si votre PC est perdu, ou si quelqu'un passe en votre absence, il pourrait l'ouvrir et tout voir.	Geht Ihr PC verloren oder kommt jemand vorbei, während Sie weg sind, könnte er ihn öffnen und alles sehen.	Se seu PC for perdido, ou alguém passar enquanto você está longe, poderá abri-lo e ver tudo.	Se perdi il PC, o qualcuno passa mentre sei lontano, potrebbe aprirlo e vedere tutto.
You will type your password after sleep. It only takes a moment, but you can no longer skip it.	Escribirás tu contraseña tras la suspensión. Solo toma un momento, pero ya no podrás omitirla.	Vous saisirez votre mot de passe après la veille. Cela prend un instant, mais vous ne pourrez plus l'éviter.	Sie geben nach dem Ruhezustand Ihr Passwort ein. Das dauert nur einen Moment, lässt sich aber nicht mehr überspringen.	Você digitará sua senha após a suspensão. Leva só um momento, mas não dá mais para pular.	Digiterai la password dopo la sospensione. Basta un momento, ma non si può più saltare.
A setting on this PC is stopping Microsoft Store apps from updating themselves.	Un ajuste de este PC impide que las apps de Microsoft Store se actualicen solas.	Un réglage de ce PC empêche les applis du Microsoft Store de se mettre à jour seules.	Eine Einstellung auf diesem PC verhindert, dass sich Apps aus dem Microsoft Store selbst aktualisieren.	Uma configuração deste PC impede que os apps da Microsoft Store se atualizem sozinhos.	Un'impostazione di questo PC impedisce alle app di Microsoft Store di aggiornarsi da sole.
Apps stay on old versions that have known flaws attackers can use.	Las apps se quedan en versiones antiguas con fallos conocidos que los atacantes pueden usar.	Les applis restent dans d'anciennes versions aux failles connues que les pirates peuvent exploiter.	Apps bleiben auf alten Versionen mit bekannten Schwachstellen, die Angreifer nutzen können.	Os apps ficam em versões antigas com falhas conhecidas que invasores podem usar.	Le app restano su versioni vecchie con falle note che gli aggressori possono sfruttare.
Store apps update by themselves again, usually quietly in the background.	Las apps de la Tienda vuelven a actualizarse solas, normalmente en segundo plano.	Les applis du Store se mettent de nouveau à jour seules, en général discrètement en arrière-plan.	Store-Apps aktualisieren sich wieder von selbst, meist unauffällig im Hintergrund.	Os apps da Loja voltam a se atualizar sozinhos, geralmente em segundo plano.	Le app dello Store si aggiornano di nuovo da sole, di solito in silenzio in background.
Windows updates are paused, so new security fixes are not being installed.	Las actualizaciones de Windows están en pausa, así que no se instalan nuevas correcciones de seguridad.	Les mises à jour Windows sont en pause, les nouveaux correctifs de sécurité ne sont donc pas installés.	Windows-Updates sind pausiert, daher werden neue Sicherheitsupdates nicht installiert.	As atualizações do Windows estão em pausa, então novas correções de segurança não são instaladas.	Gli aggiornamenti di Windows sono in pausa, quindi le nuove correzioni di sicurezza non vengono installate.
While updates wait, flaws that are already fixed stay open on your PC.	Mientras las actualizaciones esperan, fallos ya corregidos siguen abiertos en tu PC.	Tant que les mises à jour attendent, des failles déjà corrigées restent ouvertes sur votre PC.	Solange Updates warten, bleiben bereits behobene Lücken auf Ihrem PC offen.	Enquanto as atualizações esperam, falhas já corrigidas continuam abertas no seu PC.	Finché gli aggiornamenti attendono, falle già corrette restano aperte sul tuo PC.
Windows starts downloading updates again and may ask you to restart afterwards.	Windows vuelve a descargar actualizaciones y puede pedirte reiniciar después.	Windows recommence à télécharger les mises à jour et peut vous demander de redémarrer ensuite.	Windows lädt wieder Updates herunter und bittet Sie danach eventuell um einen Neustart.	O Windows volta a baixar atualizações e pode pedir que você reinicie depois.	Windows riprende a scaricare gli aggiornamenti e può chiederti di riavviare dopo.
Windows can check downloads and apps and warn you before you run something unknown or risky.	Windows puede revisar descargas y apps y avisarte antes de ejecutar algo desconocido o arriesgado.	Windows peut vérifier les téléchargements et applis et vous avertir avant d'exécuter quelque chose d'inconnu ou risqué.	Windows kann Downloads und Apps prüfen und Sie warnen, bevor Sie etwas Unbekanntes oder Riskantes starten.	O Windows pode verificar downloads e apps e avisar antes de você executar algo desconhecido ou arriscado.	Windows può controllare download e app e avvisarti prima di eseguire qualcosa di sconosciuto o rischioso.
Without the warning, a fake installer or harmful download can start with a single click.	Sin el aviso, un instalador falso o una descarga dañina puede arrancar con un solo clic.	Sans l'avertissement, un faux installateur ou un téléchargement nuisible peut démarrer en un clic.	Ohne die Warnung kann ein gefälschtes Installationsprogramm oder schädlicher Download mit einem Klick starten.	Sem o aviso, um instalador falso ou download nocivo pode iniciar com um único clique.	Senza l'avviso, un falso programma di installazione o un download dannoso può partire con un solo clic.
You will sometimes see a warning for unknown programs. You can still choose to run them.	A veces verás un aviso para programas desconocidos. Aun así puedes elegir ejecutarlos.	Vous verrez parfois un avertissement pour les programmes inconnus. Vous pouvez quand même choisir de les lancer.	Manchmal sehen Sie eine Warnung bei unbekannten Programmen. Sie können sie trotzdem ausführen.	Às vezes você verá um aviso para programas desconhecidos. Ainda pode escolher executá-los.	A volte vedrai un avviso per programmi sconosciuti. Puoi comunque scegliere di eseguirli.
Recall takes pictures of your screen every few seconds so you can search for what you did earlier.	Recall toma imágenes de tu pantalla cada pocos segundos para que puedas buscar lo que hiciste antes.	Recall prend des images de votre écran toutes les quelques secondes pour retrouver ce que vous avez fait.	Recall macht alle paar Sekunden Bilder Ihres Bildschirms, damit Sie früher Getanes durchsuchen können.	O Recall tira imagens da sua tela a cada poucos segundos para você pesquisar o que fez antes.	Recall scatta immagini dello schermo ogni pochi secondi per permetterti di cercare ciò che hai fatto prima.
Those pictures can show passwords, messages and bank details, and anyone who gets into your account could look through them.	Esas imágenes pueden mostrar contraseñas, mensajes y datos bancarios, y cualquiera que entre en tu cuenta podría verlas.	Ces images peuvent montrer mots de passe, messages et données bancaires, et quiconque accède à votre compte pourrait les consulter.	Diese Bilder können Passwörter, Nachrichten und Bankdaten zeigen, und wer in Ihr Konto gelangt, könnte sie durchsehen.	Essas imagens podem mostrar senhas, mensagens e dados bancários, e quem entrar na sua conta poderia vê-las.	Quelle immagini possono mostrare password, messaggi e dati bancari, e chi entra nel tuo account potrebbe guardarle.
Windows stops saving screen pictures and removes the ones it kept. You can no longer search your past screen.	Windows deja de guardar imágenes de pantalla y borra las que tenía. Ya no podrás buscar en tu pantalla pasada.	Windows cesse d'enregistrer des images de l'écran et supprime celles conservées. Vous ne pourrez plus rechercher dans votre écran passé.	Windows speichert keine Bildschirmbilder mehr und entfernt die vorhandenen. Frühere Bildschirminhalte lassen sich nicht mehr durchsuchen.	O Windows para de guardar imagens da tela e remove as que guardou. Você não poderá mais pesquisar sua tela passada.	Windows smette di salvare immagini dello schermo e rimuove quelle conservate. Non potrai più cercare nello schermo passato.
Windows sends information about how it and your apps run to Microsoft. You can limit it to the basics.	Windows envía a Microsoft información sobre cómo funcionan él y tus apps. Puedes limitarla a lo básico.	Windows envoie à Microsoft des informations sur son fonctionnement et celui de vos applis. Vous pouvez les limiter à l'essentiel.	Windows sendet Informationen darüber, wie es und Ihre Apps laufen, an Microsoft. Sie können das auf das Nötigste begrenzen.	O Windows envia à Microsoft informações sobre como ele e seus apps funcionam. Você pode limitar ao básico.	Windows invia a Microsoft informazioni su come funzionano lui e le tue app. Puoi limitarle all'essenziale.
Extra details, such as which apps you use, leave your PC when they are not needed for it to run well.	Datos extra, como qué apps usas, salen de tu PC sin ser necesarios para que funcione bien.	Des détails en plus, comme les applis que vous utilisez, quittent votre PC alors qu'ils ne sont pas nécessaires à son bon fonctionnement.	Zusätzliche Details, etwa welche Apps Sie nutzen, verlassen Ihren PC, obwohl er sie nicht braucht.	Detalhes extras, como quais apps você usa, saem do seu PC sem serem necessários para ele funcionar bem.	Dettagli extra, come quali app usi, lasciano il tuo PC senza essere necessari al suo funzionamento.
Windows sends only the basics it needs. Nothing stops working, but some tips may feel less tailored to you.	Windows envía solo lo básico que necesita. Nada deja de funcionar, pero algunos consejos pueden ser menos personalizados.	Windows n'envoie que l'essentiel. Rien ne cesse de fonctionner, mais certains conseils peuvent être moins personnalisés.	Windows sendet nur das Nötigste. Nichts hört auf zu funktionieren, aber manche Tipps wirken weniger persönlich.	O Windows envia só o básico de que precisa. Nada deixa de funcionar, mas algumas dicas podem ficar menos personalizadas.	Windows invia solo l'essenziale. Niente smette di funzionare, ma alcuni suggerimenti possono essere meno personalizzati.
Windows can share the updates it has downloaded with other computers, nearby or on the internet.	Windows puede compartir las actualizaciones descargadas con otros equipos, cercanos o en internet.	Windows peut partager les mises à jour téléchargées avec d'autres ordinateurs, proches ou sur internet.	Windows kann heruntergeladene Updates mit anderen Computern teilen, in der Nähe oder im Internet.	O Windows pode compartilhar as atualizações baixadas com outros computadores, próximos ou na internet.	Windows può condividere gli aggiornamenti scaricati con altri computer, vicini o su internet.
Your PC may use your internet connection to send files to other people, and other computers can see that it is there.	Tu PC puede usar tu conexión a internet para enviar archivos a otras personas, y otros equipos pueden ver que está ahí.	Votre PC peut utiliser votre connexion internet pour envoyer des fichiers à d'autres personnes, et d'autres ordinateurs voient qu'il est là.	Ihr PC kann Ihre Internetverbindung nutzen, um Dateien an andere zu senden, und andere Computer sehen, dass er da ist.	Seu PC pode usar sua internet para enviar arquivos a outras pessoas, e outros computadores veem que ele está lá.	Il tuo PC può usare la tua connessione internet per inviare file ad altri, e gli altri computer vedono che è presente.
Updates still download from Microsoft as before. Your PC just stops sharing them with others.	Las actualizaciones se siguen descargando de Microsoft como antes. Tu PC solo deja de compartirlas con otros.	Les mises à jour se téléchargent toujours depuis Microsoft. Votre PC cesse simplement de les partager.	Updates werden wie bisher von Microsoft geladen. Ihr PC teilt sie nur nicht mehr mit anderen.	As atualizações continuam sendo baixadas da Microsoft como antes. Seu PC só deixa de compartilhá-las com outros.	Gli aggiornamenti si scaricano ancora da Microsoft come prima. Il tuo PC smette solo di condividerli con altri.
Windows can copy what you cut or copy on one device to your other devices that use the same account.	Windows puede copiar lo que cortas o copias en un dispositivo a tus otros dispositivos con la misma cuenta.	Windows peut transférer ce que vous copiez ou coupez sur un appareil vers vos autres appareils du même compte.	Windows kann, was Sie auf einem Gerät kopieren oder ausschneiden, auf Ihre anderen Geräte mit demselben Konto übertragen.	O Windows pode levar o que você copia ou recorta num dispositivo aos seus outros dispositivos com a mesma conta.	Windows può portare ciò che copi o tagli su un dispositivo sugli altri tuoi dispositivi con lo stesso account.
Anything you copy, like a password or a card number, can turn up on another device you forgot about.	Todo lo que copies, como una contraseña o un número de tarjeta, puede aparecer en otro dispositivo que olvidaste.	Tout ce que vous copiez, comme un mot de passe ou un numéro de carte, peut apparaître sur un autre appareil oublié.	Alles Kopierte, etwa ein Passwort oder eine Kartennummer, kann auf einem vergessenen Gerät auftauchen.	Tudo o que você copia, como uma senha ou número de cartão, pode aparecer em outro dispositivo esquecido.	Tutto ciò che copi, come una password o un numero di carta, può comparire su un altro dispositivo dimenticato.
Copying and pasting works as usual on this PC. It just no longer appears on your other devices.	Copiar y pegar funciona como siempre en este PC. Solo que ya no aparece en tus otros dispositivos.	Copier-coller fonctionne comme d'habitude sur ce PC. Cela n'apparaît simplement plus sur vos autres appareils.	Kopieren und Einfügen funktioniert auf diesem PC wie gewohnt. Es erscheint nur nicht mehr auf Ihren anderen Geräten.	Copiar e colar funciona como sempre neste PC. Só não aparece mais nos seus outros dispositivos.	Copia e incolla funzionano come sempre su questo PC. Semplicemente non compaiono più sugli altri dispositivi.
Your antivirus keeps a list of places and programs it was told to skip, and some entries cover far too much.	Tu antivirus guarda una lista de lugares y programas que debe omitir, y algunas entradas abarcan demasiado.	Votre antivirus garde une liste d'emplacements et de programmes à ignorer, et certaines entrées couvrent beaucoup trop.	Ihr Virenschutz führt eine Liste von Orten und Programmen, die er überspringen soll, und manche Einträge umfassen viel zu viel.	Seu antivírus mantém uma lista de locais e programas a ignorar, e algumas entradas cobrem demais.	Il tuo antivirus tiene un elenco di luoghi e programmi da saltare, e alcune voci coprono decisamente troppo.
Malware that lands in a skipped place is never scanned, so it can sit there unnoticed.	El malware que cae en un lugar omitido nunca se analiza y puede quedarse ahí sin ser visto.	Un logiciel malveillant arrivant dans un lieu ignoré n'est jamais analysé et peut y rester inaperçu.	Schadsoftware an einem übersprungenen Ort wird nie geprüft und kann dort unbemerkt liegen.	O malware que cai num local ignorado nunca é analisado e pode ficar ali sem ser notado.	Un malware che finisce in un luogo escluso non viene mai analizzato e può restare lì inosservato.
Those entries are removed, so the places are scanned again. A game or work tool kept there may scan slowly. You can undo this.	Esas entradas se quitan y los lugares se analizan de nuevo. Un juego o herramienta guardado allí puede ir lento. Puedes deshacerlo.	Ces entrées sont supprimées et les emplacements sont de nouveau analysés. Un jeu ou outil qui s'y trouve peut ralentir. Vous pouvez annuler.	Diese Einträge werden entfernt, die Orte werden wieder geprüft. Ein dort liegendes Spiel oder Tool läuft evtl. langsamer. Sie können das rückgängig machen.	Essas entradas são removidas e os locais voltam a ser analisados. Um jogo ou ferramenta ali pode ficar lento. Você pode desfazer.	Queste voci vengono rimosse e i luoghi vengono analizzati di nuovo. Un gioco o strumento lì dentro può rallentare. Puoi annullare.
