This setting can't be changed on this PC.	No se puede cambiar este ajuste en este PC.	Ce réglage ne peut pas être modifié sur ce PC.	Diese Einstellung kann auf diesem PC nicht geändert werden.	Esta configuração não pode ser alterada neste PC.	Questa impostazione non può essere modificata su questo PC.
We couldn't change that setting. It was left as it was.	No pudimos cambiar ese ajuste. Se dejó como estaba.	Nous n’avons pas pu modifier ce réglage. Il est resté tel quel.	Wir konnten diese Einstellung nicht ändern. Sie wurde so belassen, wie sie war.	Não foi possível alterar essa configuração. Ela foi mantida como estava.	Non siamo riusciti a modificare questa impostazione. È rimasta com’era.
What it is	Qué es	De quoi il s’agit	Was es ist	O que é	Che cos’è
If it's off	Si está desactivado	Si c’est désactivé	Wenn es aus ist	Se estiver desativado	Se è disattivato
If you turn it on	Si lo activas	Si vous l’activez	Wenn du es einschaltest	Se você ativar	Se lo attivi
Web check for Store apps	Comprobación web para apps de la Tienda	Contrôle web pour les applis du Store	Webprüfung für Store-Apps	Verificação da web para apps da Loja	Controllo web per le app dello Store
Show file endings like .pdf	Mostrar terminaciones de archivo como .pdf	Afficher les extensions comme .pdf	Dateiendungen wie .pdf anzeigen	Mostrar extensões de arquivo como .pdf	Mostra le estensioni dei file come .pdf
Nearby sharing with everyone	Compartir con todos los dispositivos cercanos	Partage à proximité avec tout le monde	Nahe Freigabe für alle	Compartilhamento por proximidade com todos	Condivisione nelle vicinanze con tutti
Tips and ads based on your PC use	Consejos y anuncios según el uso de tu PC	Conseils et pubs selon votre usage du PC	Tipps und Werbung nach deiner PC-Nutzung	Dicas e anúncios com base no uso do PC	Suggerimenti e annunci in base all’uso del PC
Block macros in Office files from the internet	Bloquear macros en archivos de Office de internet	Bloquer les macros des fichiers Office venant d’internet	Makros in Office-Dateien aus dem Internet blockieren	Bloquear macros em arquivos do Office vindos da internet	Blocca le macro nei file Office da internet
Check my account settings	Revisar los ajustes de mi cuenta	Vérifier les réglages de mon compte	Meine Kontoeinstellungen prüfen	Verificar as configurações da minha conta	Controlla le impostazioni del mio account
Nothing to change here.	Aquí no hay nada que cambiar.	Rien à modifier ici.	Hier gibt es nichts zu ändern.	Não há nada para alterar aqui.	Qui non c’è nulla da modificare.
Your account	Tu cuenta	Votre compte	Dein Konto	Sua conta	Il tuo account
Settings that belong to the person signed in to this PC.	Ajustes de la persona que ha iniciado sesión en este PC.	Réglages de la personne connectée à ce PC.	Einstellungen der Person, die an diesem PC angemeldet ist.	Configurações da pessoa conectada a este PC.	Impostazioni della persona che ha effettuato l’accesso a questo PC.
Changing…	Cambiando…	Modification…	Wird geändert…	Alterando…	Modifica in corso…
We couldn't check this.	No pudimos comprobar esto.	Nous n’avons pas pu vérifier ceci.	Wir konnten das nicht prüfen.	Não foi possível verificar isso.	Non siamo riusciti a controllarlo.
Off	Desactivado	Désactivé	Aus	Desativado	Disattivato
On. You can switch it back.	Activado. Puedes volver a cambiarlo.	Activé. Vous pouvez revenir en arrière.	An. Du kannst es zurückstellen.	Ativado. Você pode voltar atrás.	Attivo. Puoi tornare indietro.
On	Activado	Activé	An	Ativado	Attivo
App updates aren't available on this PC.	Las actualizaciones de apps no están disponibles en este PC.	Les mises à jour d’applis ne sont pas disponibles sur ce PC.	App-Updates sind auf diesem PC nicht verfügbar.	As atualizações de apps não estão disponíveis neste PC.	Gli aggiornamenti delle app non sono disponibili su questo PC.
We couldn't check for updates. Please try again later.	No pudimos buscar actualizaciones. Inténtalo de nuevo más tarde.	Nous n’avons pas pu rechercher les mises à jour. Réessayez plus tard.	Wir konnten nicht nach Updates suchen. Bitte versuche es später erneut.	Não foi possível procurar atualizações. Tente de novo mais tarde.	Non siamo riusciti a cercare gli aggiornamenti. Riprova più tardi.
Look for app updates	Buscar actualizaciones de apps	Rechercher des mises à jour d’applis	Nach App-Updates suchen	Procurar atualizações de apps	Cerca aggiornamenti delle app
Checks your browser, Java, PDF reader and a few other popular programs.	Revisa tu navegador, Java, el lector de PDF y otros programas populares.	Vérifie votre navigateur, Java, votre lecteur PDF et quelques autres programmes courants.	Prüft deinen Browser, Java, den PDF-Reader und ein paar weitere beliebte Programme.	Verifica seu navegador, o Java, o leitor de PDF e alguns outros programas populares.	Controlla il browser, Java, il lettore PDF e alcuni altri programmi diffusi.
Looking for app updates…	Buscando actualizaciones de apps…	Recherche de mises à jour d’applis…	Suche nach App-Updates…	Procurando atualizações de apps…	Ricerca degli aggiornamenti delle app…
This can take a minute.	Esto puede tardar un minuto.	Cela peut prendre une minute.	Das kann eine Minute dauern.	Isso pode levar um minuto.	Potrebbe volerci un minuto.
Your popular programs are up to date.	Tus programas más populares están al día.	Vos programmes courants sont à jour.	Deine beliebten Programme sind auf dem neuesten Stand.	Seus programas populares estão atualizados.	I tuoi programmi più diffusi sono aggiornati.
Newer versions are available	Hay versiones más nuevas	Des versions plus récentes sont disponibles	Neuere Versionen sind verfügbar	Há versões mais novas disponíveis	Sono disponibili versioni più recenti
Updates can't be undone. A program may close while it updates.	Las actualizaciones no se pueden deshacer. Un programa puede cerrarse mientras se actualiza.	Les mises à jour ne peuvent pas être annulées. Un programme peut se fermer pendant la mise à jour.	Updates lassen sich nicht rückgängig machen. Ein Programm kann sich beim Aktualisieren schließen.	As atualizações não podem ser desfeitas. Um programa pode fechar durante a atualização.	Gli aggiornamenti non si possono annullare. Un programma può chiudersi durante l’aggiornamento.
App updates	Actualizaciones de apps	Mises à jour d’applis	App-Updates	Atualizações de apps	Aggiornamenti delle app
Newer versions of popular programs fix security problems.	Las versiones más nuevas de programas populares corrigen problemas de seguridad.	Les versions récentes des programmes courants corrigent des failles de sécurité.	Neuere Versionen beliebter Programme beheben Sicherheitsprobleme.	Versões mais novas de programas populares corrigem problemas de segurança.	Le versioni più recenti dei programmi diffusi correggono problemi di sicurezza.
Updating… The program may close for a moment.	Actualizando… El programa puede cerrarse un momento.	Mise à jour… Le programme peut se fermer un instant.	Wird aktualisiert… Das Programm kann sich kurz schließen.	Atualizando… O programa pode fechar por um momento.	Aggiornamento in corso… Il programma potrebbe chiudersi per un momento.
Updated.	Actualizado.	Mis à jour.	Aktualisiert.	Atualizado.	Aggiornato.
Updated, but we couldn't confirm it. Check again.	Actualizado, pero no pudimos confirmarlo. Vuelve a comprobar.	Mis à jour, mais nous n’avons pas pu le confirmer. Vérifiez à nouveau.	Aktualisiert, aber wir konnten es nicht bestätigen. Prüfe es erneut.	Atualizado, mas não foi possível confirmar. Verifique de novo.	Aggiornato, ma non siamo riusciti a confermarlo. Controlla di nuovo.
We couldn't update it. Close the program and try again.	No pudimos actualizarlo. Cierra el programa e inténtalo de nuevo.	Nous n’avons pas pu le mettre à jour. Fermez le programme et réessayez.	Wir konnten es nicht aktualisieren. Schließe das Programm und versuche es erneut.	Não foi possível atualizar. Feche o programa e tente de novo.	Non siamo riusciti ad aggiornarlo. Chiudi il programma e riprova.
A newer version is available.	Hay una versión más nueva disponible.	Une version plus récente est disponible.	Eine neuere Version ist verfügbar.	Há uma versão mais nova disponível.	È disponibile una versione più recente.
Windows can check the web addresses that Store apps open and warn you about unsafe ones.	Windows puede revisar las direcciones web que abren las apps de la Tienda y avisarte de las peligrosas.	Windows peut vérifier les adresses web ouvertes par les applis du Store et vous prévenir si elles sont dangereuses.	Windows kann die Webadressen prüfen, die Store-Apps öffnen, und dich vor unsicheren warnen.	O Windows pode verificar os endereços da web que os apps da Loja abrem e avisar sobre os perigosos.	Windows può controllare gli indirizzi web aperti dalle app dello Store e avvisarti di quelli pericolosi.
A Store app could send you to a fake or harmful website and Windows would not warn you.	Una app de la Tienda podría llevarte a un sitio falso o dañino y Windows no te avisaría.	Une appli du Store pourrait vous envoyer vers un faux site ou un site dangereux sans que Windows vous prévienne.	Eine Store-App könnte dich auf eine gefälschte oder schädliche Website leiten, und Windows würde dich nicht warnen.	Um app da Loja poderia levar você a um site falso ou prejudicial sem que o Windows avisasse.	Un’app dello Store potrebbe portarti su un sito falso o dannoso e Windows non ti avviserebbe.
Nothing you'll notice. You may see a warning page now and then when an app opens a risky site.	No notarás nada. A veces verás una página de aviso cuando una app abra un sitio de riesgo.	Vous ne verrez aucune différence. Une page d’avertissement peut parfois s’afficher quand une appli ouvre un site risqué.	Du merkst nichts. Manchmal siehst du eine Warnseite, wenn eine App eine riskante Website öffnet.	Você não vai notar nada. Às vezes verá uma página de aviso quando um app abrir um site arriscado.	Non noterai nulla. A volte vedrai una pagina di avviso quando un’app apre un sito rischioso.
Windows can show the ending of a file name, like .pdf or .exe, which tells you what kind of file it is.	Windows puede mostrar la terminación del nombre de un archivo, como .pdf o .exe, que indica qué tipo de archivo es.	Windows peut afficher la fin du nom d’un fichier, comme .pdf ou .exe, qui indique de quel type de fichier il s’agit.	Windows kann die Endung eines Dateinamens anzeigen, etwa .pdf oder .exe. Sie verrät, um welche Art von Datei es sich handelt.	O Windows pode mostrar o final do nome de um arquivo, como .pdf ou .exe, que indica o tipo de arquivo.	Windows può mostrare la parte finale del nome di un file, come .pdf o .exe, che indica di che tipo di file si tratta.
A program disguised as "invoice.pdf" can really be "invoice.pdf.exe", and you would not see the difference.	Un programa disfrazado de «factura.pdf» puede ser en realidad «factura.pdf.exe» y no verías la diferencia.	Un programme déguisé en « facture.pdf » peut en réalité être « facture.pdf.exe », et vous ne verriez pas la différence.	Ein Programm, das als „Rechnung.pdf“ getarnt ist, kann in Wahrheit „Rechnung.pdf.exe“ sein, und du würdest den Unterschied nicht sehen.	Um programa disfarçado de “fatura.pdf” pode ser na verdade “fatura.pdf.exe”, e você não veria a diferença.	Un programma camuffato da «fattura.pdf» può essere in realtà «fattura.pdf.exe» e non vedresti la differenza.
File names in folders will show their ending, like .docx. Nothing else changes.	Los nombres de archivo en las carpetas mostrarán su terminación, como .docx. No cambia nada más.	Les noms de fichiers dans les dossiers afficheront leur extension, comme .docx. Rien d’autre ne change.	Dateinamen in Ordnern zeigen ihre Endung an, etwa .docx. Sonst ändert sich nichts.	Os nomes de arquivo nas pastas vão mostrar a extensão, como .docx. Mais nada muda.	I nomi dei file nelle cartelle mostreranno la loro estensione, come .docx. Non cambia altro.
Nearby sharing lets this PC send and receive files with other devices close to you.	Compartir con dispositivos cercanos permite a este PC enviar y recibir archivos con otros dispositivos próximos.	Le partage à proximité permet à ce PC d’envoyer et de recevoir des fichiers avec d’autres appareils proches.	Mit der Nahen Freigabe kann dieser PC Dateien mit anderen Geräten in deiner Nähe senden und empfangen.	O compartilhamento por proximidade permite que este PC envie e receba arquivos de outros dispositivos próximos.	La condivisione nelle vicinanze permette a questo PC di inviare e ricevere file con altri dispositivi vicini.
While it is open to everyone nearby, strangers on a train or in a cafe can try to send you files.	Mientras esté abierto a todos los cercanos, desconocidos en un tren o en un café pueden intentar enviarte archivos.	Tant qu’il est ouvert à tout le monde, des inconnus dans un train ou un café peuvent essayer de vous envoyer des fichiers.	Solange es für alle in der Nähe offen ist, können Fremde im Zug oder im Café versuchen, dir Dateien zu schicken.	Enquanto estiver aberto a todos por perto, desconhecidos num trem ou café podem tentar enviar arquivos a você.	Finché è aperta a tutti i dispositivi vicini, degli sconosciuti in treno o al bar possono provare a inviarti dei file.
Only your own devices can share with this PC. Sending to a friend's PC may need you to switch it back.	Solo tus propios dispositivos pueden compartir con este PC. Para enviar al PC de un amigo quizá debas volver a cambiarlo.	Seuls vos propres appareils peuvent partager avec ce PC. Pour envoyer vers le PC d’un ami, il faudra peut-être revenir en arrière.	Nur deine eigenen Geräte können mit diesem PC teilen. Zum Senden an den PC eines Freundes musst du es eventuell zurückstellen.	Só os seus próprios dispositivos podem compartilhar com este PC. Para enviar ao PC de um amigo, talvez precise voltar atrás.	Solo i tuoi dispositivi possono condividere con questo PC. Per inviare al PC di un amico potresti dover tornare indietro.
Windows can use the information it collects about how you use your PC to suggest tips and ads.	Windows puede usar la información que recopila sobre cómo usas tu PC para sugerirte consejos y anuncios.	Windows peut utiliser les informations qu’il recueille sur votre usage du PC pour vous proposer des conseils et des publicités.	Windows kann die Daten darüber, wie du deinen PC nutzt, verwenden, um Tipps und Werbung vorzuschlagen.	O Windows pode usar as informações que coleta sobre como você usa o PC para sugerir dicas e anúncios.	Windows può usare le informazioni raccolte su come usi il PC per suggerirti consigli e annunci.
Your PC habits are used to personalize suggestions, which many people would rather keep private.	Tus hábitos con el PC se usan para personalizar sugerencias, algo que mucha gente prefiere mantener en privado.	Vos habitudes sur le PC servent à personnaliser les suggestions, ce que beaucoup préfèrent garder privé.	Deine PC-Gewohnheiten werden genutzt, um Vorschläge zu personalisieren. Viele möchten das lieber für sich behalten.	Seus hábitos no PC são usados para personalizar sugestões, o que muita gente prefere manter em privado.	Le tue abitudini sul PC servono a personalizzare i suggerimenti, cosa che molti preferiscono tenere privata.
You'll see more general tips and ads instead of ones based on how you use your PC. Nothing breaks.	Verás consejos y anuncios más generales en lugar de los basados en cómo usas tu PC. No se rompe nada.	Vous verrez des conseils et des pubs plus généraux au lieu de ceux basés sur votre usage du PC. Rien ne se casse.	Du siehst eher allgemeine Tipps und Werbung statt solcher, die auf deiner PC-Nutzung beruhen. Nichts geht kaputt.	Você verá dicas e anúncios mais gerais, em vez dos baseados no seu uso do PC. Nada deixa de funcionar.	Vedrai consigli e annunci più generici invece di quelli basati su come usi il PC. Non si rompe nulla.
Office files downloaded from the internet can contain small programs, called macros, that run when you open them.	Los archivos de Office descargados de internet pueden contener programas pequeños, llamados macros, que se ejecutan al abrirlos.	Les fichiers Office téléchargés sur internet peuvent contenir de petits programmes, appelés macros, qui s’exécutent à l’ouverture.	Aus dem Internet geladene Office-Dateien können kleine Programme, sogenannte Makros, enthalten, die beim Öffnen laufen.	Arquivos do Office baixados da internet podem conter pequenos programas, chamados macros, que rodam ao abrir.	I file Office scaricati da internet possono contenere piccoli programmi, chiamati macro, che si avviano quando li apri.
A document from a fake email could run a hidden program the moment you click Enable Content.	Un documento de un correo falso podría ejecutar un programa oculto en cuanto pulsas Habilitar contenido.	Un document reçu dans un faux e-mail pourrait lancer un programme caché dès que vous cliquez sur Activer le contenu.	Ein Dokument aus einer gefälschten E-Mail könnte ein verstecktes Programm starten, sobald du auf Inhalt aktivieren klickst.	Um documento de um e-mail falso poderia executar um programa oculto assim que você clicar em Habilitar conteúdo.	Un documento di una email falsa potrebbe avviare un programma nascosto non appena fai clic su Abilita contenuto.
Macros in files from email or the web stay off. Work files that need macros may need to be unblocked first.	Las macros de archivos del correo o de la web quedan desactivadas. Los archivos de trabajo con macros quizá haya que desbloquearlos antes.	Les macros des fichiers reçus par e-mail ou sur le web restent désactivées. Les fichiers de travail avec macros devront peut-être être débloqués d’abord.	Makros in Dateien aus E-Mails oder dem Web bleiben aus. Arbeitsdateien mit Makros müssen eventuell zuerst entsperrt werden.	As macros de arquivos de e-mail ou da web ficam desativadas. Arquivos de trabalho com macros podem precisar ser desbloqueados antes.	Le macro nei file ricevuti per email o dal web restano disattivate. I file di lavoro con macro potrebbero dover essere sbloccati prima.
Popular programs like your browser, Java and PDF reader get safety fixes from time to time.	Los programas populares, como tu navegador, Java o el lector de PDF, reciben correcciones de seguridad cada cierto tiempo.	Les programmes courants comme votre navigateur, Java ou votre lecteur PDF reçoivent des correctifs de sécurité de temps en temps.	Beliebte Programme wie dein Browser, Java und der PDF-Reader erhalten von Zeit zu Zeit Sicherheitskorrekturen.	Programas populares, como o navegador, o Java e o leitor de PDF, recebem correções de segurança de tempos em tempos.	I programmi diffusi, come il browser, Java e il lettore PDF, ricevono ogni tanto correzioni di sicurezza.
An out-of-date browser or PDF reader can be taken over by a bad web page or a booby-trapped file.	Un navegador o lector de PDF desactualizado puede ser controlado por una página web maliciosa o un archivo trampa.	Un navigateur ou un lecteur PDF obsolète peut être pris en main par une page web piégée ou un fichier malveillant.	Ein veralteter Browser oder PDF-Reader kann durch eine schädliche Webseite oder eine präparierte Datei übernommen werden.	Um navegador ou leitor de PDF desatualizado pode ser controlado por uma página da web maliciosa ou um arquivo armadilhado.	Un browser o un lettore PDF non aggiornato può essere preso di mira da una pagina web dannosa o da un file trappola.
The program updates itself and may close for a moment. You can't go back to the old version afterwards.	El programa se actualiza solo y puede cerrarse un momento. Después no se puede volver a la versión anterior.	Le programme se met à jour et peut se fermer un instant. Il est impossible de revenir à l’ancienne version ensuite.	Das Programm aktualisiert sich selbst und kann sich kurz schließen. Zur alten Version kannst du danach nicht zurück.	O programa se atualiza sozinho e pode fechar por um momento. Depois não é possível voltar à versão antiga.	Il programma si aggiorna da solo e può chiudersi per un momento. Dopo non si può tornare alla versione precedente.
