Each one needs a step from you, and we show you how.	Cada uno necesita un paso tuyo, y te mostramos cómo.	Chacun demande une action de votre part, et nous vous montrons comment.	Jedes braucht einen Schritt von dir, und wir zeigen dir, wie.	Cada um precisa de um passo seu, e mostramos como.	Ognuno richiede un tuo intervento, e ti mostriamo come.
Each one is your choice, and we explain what changes first.	Cada uno es decisión tuya, y te explicamos antes qué cambia.	Chacun est votre choix, et nous expliquons d’abord ce qui change.	Jedes ist deine Entscheidung, und wir erklären zuerst, was sich ändert.	Cada um é escolha sua, e explicamos antes o que muda.	Ognuno è una tua scelta, e ti spieghiamo prima cosa cambia.
We can fix it for you, and you can undo it later.	Podemos arreglarlo por ti, y puedes deshacerlo después.	Nous pouvons le corriger pour vous, et vous pourrez l’annuler plus tard.	Wir können es für dich beheben, und du kannst es später rückgängig machen.	Podemos corrigir isso para você, e você pode desfazer depois.	Possiamo risolverlo per te, e potrai annullarlo più tardi.
We can fix all of them for you, and you can undo it later.	Podemos arreglarlos todos por ti, y puedes deshacerlo después.	Nous pouvons tout corriger pour vous, et vous pourrez l’annuler plus tard.	Wir können alles für dich beheben, und du kannst es später rückgängig machen.	Podemos corrigir todos para você, e você pode desfazer depois.	Possiamo risolverli tutti per te, e potrai annullare più tardi.
We can fix 1 of them for you, and you can undo it later.	Podemos arreglar 1 por ti, y puedes deshacerlo después.	Nous pouvons en corriger 1 pour vous, et vous pourrez l’annuler plus tard.	Wir können 1 davon für dich beheben, und du kannst es später rückgängig machen.	Podemos corrigir 1 para você, e você pode desfazer depois.	Possiamo risolverne 1 per te, e potrai annullare più tardi.
We can fix {n} of them for you, and you can undo it later.	Podemos arreglar {n} por ti, y puedes deshacerlo después.	Nous pouvons en corriger {n} pour vous, et vous pourrez l’annuler plus tard.	Wir können {n} davon für dich beheben, und du kannst es später rückgängig machen.	Podemos corrigir {n} para você, e você pode desfazer depois.	Possiamo risolverne {n} per te, e potrai annullare più tardi.
Some checks didn't finish. Press Check again.	Algunas comprobaciones no terminaron. Pulsa Volver a comprobar.	Certaines vérifications ne se sont pas terminées. Appuyez sur Vérifier à nouveau.	Einige Prüfungen wurden nicht beendet. Drücke auf Erneut prüfen.	Algumas verificações não terminaram. Toque em Verificar novamente.	Alcuni controlli non sono terminati. Premi Controlla di nuovo.
Your settings and history stay when you switch.	Tus ajustes y tu historial se conservan al cambiar.	Vos réglages et votre historique sont conservés quand vous changez.	Deine Einstellungen und dein Verlauf bleiben beim Wechsel erhalten.	Suas configurações e seu histórico continuam ao trocar.	Impostazioni e cronologia restano quando passi alla nuova versione.
Stops many ads and scam websites before they load.	Detiene muchos anuncios y sitios de estafa antes de que carguen.	Bloque de nombreuses publicités et de nombreux sites frauduleux avant leur chargement.	Stoppt viele Werbeanzeigen und Betrugsseiten, bevor sie laden.	Impede muitos anúncios e sites de golpe antes de carregarem.	Ferma molte pubblicità e siti truffa prima che si carichino.
Blocks pop-up floods and fake 'your PC is infected' warnings.	Bloquea avalanchas de ventanas emergentes y falsos avisos de «tu PC está infectado».	Bloque les vagues de fenêtres publicitaires et les faux avertissements « votre PC est infecté ».	Blockiert Pop-up-Flut und falsche Warnungen wie „Dein PC ist infiziert“.	Bloqueia enxurradas de pop-ups e falsos avisos de “seu PC está infectado”.	Blocca valanghe di pop-up e falsi avvisi «il tuo PC è infetto».
Nothing has been blocked yet.	Todavía no se ha bloqueado nada.	Rien n’a encore été bloqué.	Bisher wurde nichts blockiert.	Nada foi bloqueado ainda.	Finora non è stato bloccato nulla.
Over the last 30 days, kept only on this PC.	Durante los últimos 30 días, guardado solo en este PC.	Sur les 30 derniers jours, conservé uniquement sur ce PC.	In den letzten 30 Tagen, nur auf diesem PC gespeichert.	Nos últimos 30 dias, guardado apenas neste PC.	Negli ultimi 30 giorni, salvato solo su questo PC.
Sites it opens this way skip Web protection.	Los sitios que abre así se saltan la protección web.	Les sites qu’il ouvre ainsi échappent à la protection web.	Seiten, die er so öffnet, umgehen den Webschutz.	Os sites que ele abre assim escapam da proteção da web.	I siti che apre in questo modo sfuggono alla protezione web.
Blocked in the last 15 minutes. You can open one you trust for 10 minutes.	Bloqueados en los últimos 15 minutos. Puedes abrir uno de confianza durante 10 minutos.	Bloqués ces 15 dernières minutes. Vous pouvez ouvrir un site de confiance pendant 10 minutes.	In den letzten 15 Minuten blockiert. Eine vertrauenswürdige Seite kannst du 10 Minuten lang öffnen.	Bloqueados nos últimos 15 minutos. Você pode abrir um de confiança por 10 minutos.	Bloccati negli ultimi 15 minuti. Puoi aprire per 10 minuti uno di cui ti fidi.
If a page you trust didn't open, allow it here.	Si una página de confianza no se abrió, permítela aquí.	Si une page de confiance ne s’est pas ouverte, autorisez-la ici.	Wenn sich eine vertrauenswürdige Seite nicht geöffnet hat, erlaube sie hier.	Se uma página de confiança não abriu, permita-a aqui.	Se una pagina di cui ti fidi non si è aperta, consentila qui.
