15 minutes	15 minutos	15 minutes	15 Minuten	15 minutos	15 minuti
1 hour	1 hora	1 heure	1 Stunde	1 hora	1 ora
Until restart	Hasta reiniciar	Jusqu’au redémarrage	Bis zum Neustart	Até reiniciar	Fino al riavvio
Pause web protection	Pausar la protección web	Mettre la protection web en pause	Webschutz pausieren	Pausar a proteção da web	Metti in pausa la protezione web
Pause for	Pausar durante	Mettre en pause pendant	Pausieren für	Pausar por	Metti in pausa per
1 minute ago	Hace 1 minuto	Il y a 1 minute	Vor 1 Minute	Há 1 minuto	1 minuto fa
{n} minutes ago	Hace {n} minutos	Il y a {n} minutes	Vor {n} Minuten	Há {n} minutos	{n} minuti fa
Just now	Ahora mismo	À l’instant	Gerade eben	Agora mesmo	Proprio ora
A dangerous website was blocked today at {time}.	Hoy a las {time} se bloqueó un sitio web peligroso.	Un site web dangereux a été bloqué aujourd’hui à {time}.	Heute um {time} wurde eine gefährliche Website blockiert.	Hoje às {time}, um site perigoso foi bloqueado.	Oggi alle {time} è stato bloccato un sito web pericoloso.
Add a site	Añadir un sitio	Ajouter un site	Website hinzufügen	Adicionar um site	Aggiungi un sito
Ads	Anuncios	Publicités	Werbung	Anúncios	Annunci
Adult	Para adultos	Adultes	Erwachsene	Adultos	Adulti
Adult websites	Sitios web para adultos	Sites web pour adultes	Websites für Erwachsene	Sites para adultos	Siti web per adulti
Allow	Permitir	Autoriser	Erlauben	Permitir	Consenti
Allow a website that web protection blocks by mistake. Only add sites you trust.	Permite un sitio web que la protección web bloquea por error. Añade solo sitios en los que confíes.	Autorisez un site web que la protection web bloque par erreur. N’ajoutez que des sites de confiance.	Erlaube eine Website, die der Webschutz fälschlich blockiert. Füge nur Websites hinzu, denen du vertraust.	Permita um site que a proteção da web bloqueia por engano. Adicione apenas sites em que você confia.	Consenti un sito web che la protezione web blocca per errore. Aggiungi solo siti di cui ti fidi.
Allow anyway	Permitir de todos modos	Autoriser quand même	Trotzdem erlauben	Permitir mesmo assim	Consenti comunque
Allow site	Permitir sitio	Autoriser le site	Website erlauben	Permitir site	Consenti sito
Allowed sites	Sitios permitidos	Sites autorisés	Erlaubte Websites	Sites permitidos	Siti consentiti
Block adult websites	Bloquear sitios web para adultos	Bloquer les sites web pour adultes	Websites für Erwachsene blockieren	Bloquear sites para adultos	Blocca i siti web per adulti
Block gambling websites	Bloquear sitios web de apuestas	Bloquer les sites web de jeux d’argent	Glücksspiel-Websites blockieren	Bloquear sites de apostas	Blocca i siti web di gioco d’azzardo
Blocked today	Bloqueado hoy	Bloqué aujourd’hui	Heute blockiert	Bloqueado hoje	Bloccato oggi
Change	Cambiar	Modifier	Ändern	Alterar	Cambia
Children, and anyone else using this PC, can open those websites by accident or on purpose.	Los niños, y cualquier otra persona que use este PC, pueden abrir esos sitios web por accidente o a propósito.	Les enfants, et toute autre personne qui utilise ce PC, peuvent ouvrir ces sites web par accident ou volontairement.	Kinder und alle anderen, die diesen PC benutzen, können diese Websites aus Versehen oder absichtlich öffnen.	As crianças, e qualquer outra pessoa que use este PC, podem abrir esses sites por engano ou de propósito.	I bambini, e chiunque altro usi questo PC, possono aprire quei siti web per errore o di proposito.
Dangerous	Peligrosos	Dangereux	Gefährlich	Perigosos	Pericolosi
Dangerous websites	Sitios web peligrosos	Sites web dangereux	Gefährliche Websites	Sites perigosos	Siti web pericolosi
Every time you open a website, your PC first asks where it is. Normally that question can be read by your internet provider and by anyone on the same public Wi-Fi.	Cada vez que abres un sitio web, tu PC primero pregunta dónde está. Normalmente esa pregunta puede leerla tu proveedor de internet y cualquiera que use la misma red Wi-Fi pública.	Chaque fois que vous ouvrez un site web, votre PC demande d’abord où il se trouve. Normalement, cette question peut être lue par votre fournisseur d’accès et par toute personne connectée au même Wi-Fi public.	Jedes Mal, wenn du eine Website öffnest, fragt dein PC zuerst, wo sie zu finden ist. Normalerweise kann diese Frage von deinem Internetanbieter und von allen im selben öffentlichen WLAN gelesen werden.	Toda vez que você abre um site, o PC primeiro pergunta onde ele está. Normalmente essa pergunta pode ser lida pelo seu provedor de internet e por qualquer pessoa na mesma rede Wi-Fi pública.	Ogni volta che apri un sito web, il tuo PC chiede prima dove si trova. Di solito questa domanda può essere letta dal tuo provider internet e da chiunque sia sulla stessa rete Wi-Fi pubblica.
Family safety	Seguridad familiar	Sécurité familiale	Familienschutz	Segurança familiar	Sicurezza familiare
Gambling	Apuestas	Jeux d’argent	Glücksspiel	Apostas	Gioco d’azzardo
Gambling websites are easy to open and can lead to losing money quickly, especially for children.	Los sitios web de apuestas son fáciles de abrir y pueden hacer perder dinero rápidamente, sobre todo a los niños.	Les sites web de jeux d’argent sont faciles à ouvrir et peuvent faire perdre de l’argent très vite, surtout aux enfants.	Glücksspiel-Websites lassen sich leicht öffnen und können schnell zu Geldverlust führen, besonders bei Kindern.	Sites de apostas são fáceis de abrir e podem fazer você perder dinheiro rapidamente, principalmente as crianças.	I siti web di gioco d’azzardo sono facili da aprire e possono far perdere denaro in fretta, soprattutto ai bambini.
Google, Bing, YouTube and DuckDuckGo show only family-friendly results.	Google, Bing, YouTube y DuckDuckGo muestran solo resultados aptos para toda la familia.	Google, Bing, YouTube et DuckDuckGo n’affichent que des résultats adaptés à toute la famille.	Google, Bing, YouTube und DuckDuckGo zeigen nur familienfreundliche Ergebnisse.	Google, Bing, YouTube e DuckDuckGo mostram apenas resultados próprios para toda a família.	Google, Bing, YouTube e DuckDuckGo mostrano solo risultati adatti a tutta la famiglia.
In the last 30 days. The counts stay on this PC.	En los últimos 30 días. Los recuentos se quedan en este PC.	Au cours des 30 derniers jours. Les chiffres restent sur ce PC.	In den letzten 30 Tagen. Die Zahlen bleiben auf diesem PC.	Nos últimos 30 dias. As contagens ficam neste PC.	Negli ultimi 30 giorni. I conteggi restano su questo PC.
Keeps the websites you visit private from your internet provider and public Wi-Fi.	Mantiene privados los sitios web que visitas frente a tu proveedor de internet y al Wi-Fi público.	Garde les sites web que vous visitez privés vis-à-vis de votre fournisseur d’accès et du Wi-Fi public.	Hält die Websites, die du besuchst, vor deinem Internetanbieter und öffentlichem WLAN privat.	Mantém privados os sites que você visita, longe do seu provedor de internet e do Wi-Fi público.	Mantiene privati i siti web che visiti rispetto al tuo provider internet e al Wi-Fi pubblico.
Last 30 days	Últimos 30 días	30 derniers jours	Letzte 30 Tage	Últimos 30 dias	Ultimi 30 giorni
Most blocked	Más bloqueados	Les plus bloqués	Am häufigsten blockiert	Mais bloqueados	Più bloccati
Nothing has been blocked yet. When web protection blocks something, you will see it here.	Todavía no se ha bloqueado nada. Cuando la protección web bloquee algo, lo verás aquí.	Rien n’a encore été bloqué. Quand la protection web bloquera quelque chose, vous le verrez ici.	Bisher wurde nichts blockiert. Sobald der Webschutz etwas blockiert, siehst du es hier.	Nada foi bloqueado ainda. Quando a proteção da web bloquear algo, você verá aqui.	Finora non è stato bloccato nulla. Quando la protezione web bloccherà qualcosa, lo vedrai qui.
Nothing was blocked in the last 15 minutes.	No se bloqueó nada en los últimos 15 minutos.	Rien n’a été bloqué ces 15 dernières minutes.	In den letzten 15 Minuten wurde nichts blockiert.	Nada foi bloqueado nos últimos 15 minutos.	Negli ultimi 15 minuti non è stato bloccato nulla.
Private lookups are getting ready	Las consultas privadas se están preparando	Les requêtes privées se préparent	Private Abfragen werden vorbereitet	As consultas privadas estão sendo preparadas	Le richieste private si stanno preparando
Private lookups are paused: this network blocks them	Las consultas privadas están en pausa: esta red las bloquea	Les requêtes privées sont suspendues : ce réseau les bloque	Private Abfragen sind pausiert: Dieses Netzwerk blockiert sie	As consultas privadas estão em pausa: esta rede as bloqueia	Le richieste private sono in pausa: questa rete le blocca
Private lookups aren't running right now	Las consultas privadas no están funcionando ahora	Les requêtes privées ne fonctionnent pas pour le moment	Private Abfragen laufen gerade nicht	As consultas privadas não estão funcionando agora	Le richieste private non sono attive al momento
Safe search	Búsqueda segura	Recherche sécurisée	Sichere Suche	Pesquisa segura	Ricerca sicura
Search websites can hide results meant for adults. This asks Google, Bing, YouTube and DuckDuckGo to show only family-friendly results.	Los sitios de búsqueda pueden ocultar los resultados para adultos. Esto pide a Google, Bing, YouTube y DuckDuckGo que muestren solo resultados aptos para toda la familia.	Les sites de recherche peuvent masquer les résultats réservés aux adultes. Cela demande à Google, Bing, YouTube et DuckDuckGo de n’afficher que des résultats adaptés à toute la famille.	Suchwebsites können Ergebnisse für Erwachsene ausblenden. Hier werden Google, Bing, YouTube und DuckDuckGo gebeten, nur familienfreundliche Ergebnisse zu zeigen.	Sites de busca podem ocultar resultados para adultos. Isso pede ao Google, Bing, YouTube e DuckDuckGo que mostrem apenas resultados próprios para toda a família.	I siti di ricerca possono nascondere i risultati per adulti. Questo chiede a Google, Bing, YouTube e DuckDuckGo di mostrare solo risultati adatti a tutta la famiglia.
Searches and videos can show adult content, even when nobody was looking for it.	Las búsquedas y los vídeos pueden mostrar contenido para adultos, aunque nadie lo buscara.	Les recherches et les vidéos peuvent afficher du contenu pour adultes, même si personne ne le cherchait.	Suchen und Videos können Inhalte für Erwachsene zeigen, auch wenn niemand danach gesucht hat.	Pesquisas e vídeos podem mostrar conteúdo adulto, mesmo que ninguém tenha procurado por ele.	Ricerche e video possono mostrare contenuti per adulti, anche se nessuno li cercava.
Searches on those four websites show only family-friendly results in every browser on this PC. Other search websites are not changed.	Las búsquedas en esos cuatro sitios muestran solo resultados aptos para toda la familia en todos los navegadores de este PC. Los demás sitios de búsqueda no cambian.	Les recherches sur ces quatre sites n’affichent que des résultats adaptés à toute la famille, dans tous les navigateurs de ce PC. Les autres sites de recherche ne changent pas.	Suchen auf diesen vier Websites zeigen in jedem Browser auf diesem PC nur familienfreundliche Ergebnisse. Andere Suchwebsites werden nicht verändert.	As pesquisas nesses quatro sites mostram apenas resultados próprios para toda a família em todos os navegadores deste PC. Outros sites de busca não são alterados.	Le ricerche su questi quattro siti mostrano solo risultati adatti a tutta la famiglia in ogni browser di questo PC. Gli altri siti di ricerca non vengono modificati.
Secblitz keeps a list of online betting and casino websites and updates it often.	Secblitz mantiene una lista de sitios web de apuestas y casinos en línea y la actualiza con frecuencia.	Secblitz tient une liste de sites web de paris et de casinos en ligne et la met à jour souvent.	Secblitz führt eine Liste von Wett- und Casino-Websites und aktualisiert sie oft.	O Secblitz mantém uma lista de sites de apostas e cassinos on-line e a atualiza com frequência.	Secblitz mantiene un elenco di siti web di scommesse e casinò online e lo aggiorna spesso.
Secblitz keeps a list of websites meant for adults and updates it often.	Secblitz mantiene una lista de sitios web para adultos y la actualiza con frecuencia.	Secblitz tient une liste de sites web pour adultes et la met à jour souvent.	Secblitz führt eine Liste von Websites für Erwachsene und aktualisiert sie oft.	O Secblitz mantém uma lista de sites para adultos e a atualiza com frequência.	Secblitz mantiene un elenco di siti web per adulti e lo aggiorna spesso.
Sites	Sitios	Sites	Websites	Sites	Siti
Something not working?	¿Algo no funciona?	Quelque chose ne fonctionne pas ?	Funktioniert etwas nicht?	Algo não está funcionando?	Qualcosa non funziona?
Stops your PC from opening online betting and casino websites.	Impide que tu PC abra sitios web de apuestas y casinos en línea.	Empêche votre PC d’ouvrir des sites web de paris et de casinos en ligne.	Verhindert, dass dein PC Wett- und Casino-Websites öffnet.	Impede que o PC abra sites de apostas e cassinos on-line.	Impedisce al PC di aprire siti web di scommesse e casinò online.
Stops your PC from opening websites meant for adults.	Impide que tu PC abra sitios web para adultos.	Empêche votre PC d’ouvrir des sites web pour adultes.	Verhindert, dass dein PC Websites für Erwachsene öffnet.	Impede que o PC abra sites para adultos.	Impedisce al PC di aprire siti web per adulti.
That site is already allowed.	Ese sitio ya está permitido.	Ce site est déjà autorisé.	Diese Website ist bereits erlaubt.	Esse site já está permitido.	Quel sito è già consentito.
The question is sent privately to Quad9, a non-profit service. If your network doesn't allow that, Secblitz goes back to the normal way so the internet keeps working.	La pregunta se envía de forma privada a Quad9, un servicio sin ánimo de lucro. Si tu red no lo permite, Secblitz vuelve a la forma normal para que internet siga funcionando.	La question est envoyée de façon privée à Quad9, un service à but non lucratif. Si votre réseau ne le permet pas, Secblitz revient au fonctionnement habituel pour qu’internet continue de fonctionner.	Die Frage wird privat an Quad9 gesendet, einen gemeinnützigen Dienst. Wenn dein Netzwerk das nicht erlaubt, kehrt Secblitz zur normalen Methode zurück, damit das Internet weiter funktioniert.	A pergunta é enviada de forma privada ao Quad9, um serviço sem fins lucrativos. Se a sua rede não permitir, o Secblitz volta ao modo normal para que a internet continue funcionando.	La domanda viene inviata in privato a Quad9, un servizio senza scopo di lucro. Se la tua rete non lo consente, Secblitz torna al modo normale, così internet continua a funzionare.
They can see every website you visit, even when the website itself is protected.	Pueden ver todos los sitios web que visitas, incluso cuando el propio sitio está protegido.	Ils peuvent voir tous les sites web que vous visitez, même lorsque le site lui-même est protégé.	Sie können jede Website sehen, die du besuchst, selbst wenn die Website selbst geschützt ist.	Eles podem ver todos os sites que você visita, mesmo quando o próprio site é protegido.	Possono vedere ogni sito web che visiti, anche quando il sito stesso è protetto.
This site was blocked because it may be dangerous. Only allow it if you are sure it is safe.	Este sitio se bloqueó porque puede ser peligroso. Permítelo solo si estás seguro de que es fiable.	Ce site a été bloqué parce qu’il peut être dangereux. Ne l’autorisez que si vous êtes certain qu’il est fiable.	Diese Website wurde blockiert, weil sie gefährlich sein könnte. Erlaube sie nur, wenn du ganz sicher bist, dass sie harmlos ist.	Este site foi bloqueado porque pode ser perigoso. Permita-o apenas se tiver certeza de que é seguro.	Questo sito è stato bloccato perché potrebbe essere pericoloso. Consentilo solo se sei certo che sia affidabile.
Tracking	Rastreo	Suivi	Tracking	Rastreamento	Tracciamento
Type the website you want to allow, for example example.com.	Escribe el sitio web que quieres permitir, por ejemplo example.com.	Saisissez le site web que vous voulez autoriser, par exemple example.com.	Gib die Website ein, die du erlauben möchtest, zum Beispiel example.com.	Digite o site que você quer permitir, por exemplo example.com.	Scrivi il sito web che vuoi consentire, per esempio example.com.
Web protection is off, so nothing is being blocked.	La protección web está desactivada, así que no se bloquea nada.	La protection web est désactivée, donc rien n’est bloqué.	Der Webschutz ist aus, deshalb wird nichts blockiert.	A proteção da web está desativada, então nada está sendo bloqueado.	La protezione web è disattivata, quindi non viene bloccato nulla.
Web protection is paused, so nothing is being blocked.	La protección web está en pausa, así que no se bloquea nada.	La protection web est en pause, donc rien n’est bloqué.	Der Webschutz ist pausiert, deshalb wird nichts blockiert.	A proteção da web está em pausa, então nada está sendo bloqueado.	La protezione web è in pausa, quindi non viene bloccato nulla.
Websites blocked in the last 15 minutes. If a page you trust didn't open, allow it here.	Sitios web bloqueados en los últimos 15 minutos. Si una página de confianza no se abrió, permítela aquí.	Sites web bloqués ces 15 dernières minutes. Si une page de confiance ne s’est pas ouverte, autorisez-la ici.	In den letzten 15 Minuten blockierte Websites. Wenn sich eine Seite, der du vertraust, nicht geöffnet hat, erlaube sie hier.	Sites bloqueados nos últimos 15 minutos. Se uma página em que você confia não abriu, permita-a aqui.	Siti web bloccati negli ultimi 15 minuti. Se una pagina di cui ti fidi non si è aperta, consentila qui.
You haven't allowed any sites.	No has permitido ningún sitio.	Vous n’avez autorisé aucun site.	Du hast keine Websites erlaubt.	Você não permitiu nenhum site.	Non hai consentito nessun sito.
Your PC can't open websites on that list. If a safe site is blocked by mistake, allow it on the Sites tab.	Tu PC no puede abrir los sitios web de esa lista. Si un sitio seguro se bloquea por error, permítelo en la pestaña Sitios.	Votre PC ne peut pas ouvrir les sites web de cette liste. Si un site sûr est bloqué par erreur, autorisez-le dans l’onglet Sites.	Dein PC kann die Websites auf dieser Liste nicht öffnen. Wird eine sichere Website fälschlich blockiert, erlaube sie auf dem Tab „Websites“.	O seu PC não consegue abrir os sites dessa lista. Se um site seguro for bloqueado por engano, permita-o na aba Sites.	Il tuo PC non può aprire i siti web di quell’elenco. Se un sito sicuro viene bloccato per errore, consentilo nella scheda Siti.
Your internet lookups are not private.	Tus consultas de internet no son privadas.	Vos requêtes internet ne sont pas privées.	Deine Internet-Abfragen sind nicht privat.	Suas consultas de internet não são privadas.	Le tue richieste internet non sono private.
Your lookups are private	Tus consultas son privadas	Vos requêtes sont privées	Deine Abfragen sind privat	Suas consultas são privadas	Le tue richieste sono private
{n} blocked	{n} bloqueados	{n} bloqués	{n} blockiert	{n} bloqueados	{n} bloccati
{n} blocked in the last 30 days	{n} bloqueados en los últimos 30 días	{n} bloqués au cours des 30 derniers jours	{n} in den letzten 30 Tagen blockiert	{n} bloqueados nos últimos 30 dias	{n} bloccati negli ultimi 30 giorni
Private lookups through Secblitz	Consultas privadas a través de Secblitz	Requêtes privées via Secblitz	Private Abfragen über Secblitz	Consultas privadas através do Secblitz	Richieste private tramite Secblitz
Only private lookups are on	Solo están activadas las consultas privadas	Seules les requêtes privées sont activées	Nur private Abfragen sind eingeschaltet	Apenas as consultas privadas estão ativadas	Sono attive solo le richieste private
Blocking is not turned on.	El bloqueo no está activado.	Le blocage n’est pas activé.	Das Blockieren ist nicht eingeschaltet.	O bloqueio não está ativado.	Il blocco non è attivo.
