It switches Windows' built-in memory protections back on.	Reactiva las protecciones de memoria integradas de Windows.	Cela réactive les protections mémoire intégrées de Windows.	Es schaltet die eingebauten Speicherschutzfunktionen von Windows wieder ein.	Reativa as proteções de memória integradas do Windows.	Riattiva le protezioni di memoria integrate di Windows.
It turns the recovery tools back on, so Windows can repair itself if it stops starting.	Vuelve a activar las herramientas de recuperación, para que Windows pueda repararse si deja de iniciar.	Les outils de récupération sont réactivés, pour que Windows puisse se réparer s'il ne démarre plus.	Die Wiederherstellungstools werden wieder eingeschaltet, damit Windows sich reparieren kann, wenn es nicht mehr startet.	As ferramentas de recuperação são reativadas, para que o Windows possa se consertar se parar de iniciar.	Gli strumenti di ripristino vengono riattivati, così Windows può ripararsi se non si avvia più.
It stops uninvited connections to your PC.	Bloquea las conexiones no deseadas a tu PC.	Cela bloque les connexions non souhaitées vers votre PC.	Es blockiert unerwünschte Verbindungen zu deinem PC.	Bloqueia conexões indesejadas ao seu PC.	Blocca le connessioni indesiderate al tuo PC.
It keeps Windows updates from being tampered with.	Evita que se manipulen las actualizaciones de Windows.	Cela empêche toute altération des mises à jour de Windows.	Windows-Updates können dann nicht manipuliert werden.	Impede que as atualizações do Windows sejam adulteradas.	Impedisce la manomissione degli aggiornamenti di Windows.
Your password will no longer be kept where other programs can read it.	Tu contraseña dejará de guardarse donde otros programas puedan leerla.	Votre mot de passe ne sera plus conservé à un endroit où d'autres programmes peuvent le lire.	Dein Passwort wird nicht mehr dort gespeichert, wo andere Programme es lesen können.	Sua senha deixará de ser salva onde outros programas podem lê-la.	La tua password non sarà più conservata dove altri programmi possono leggerla.
Windows will ask before big changes are made.	Windows preguntará antes de hacer cambios importantes.	Windows demandera avant tout changement important.	Windows fragt nach, bevor große Änderungen vorgenommen werden.	O Windows perguntará antes de fazer grandes alterações.	Windows chiederà prima di apportare modifiche importanti.
Windows will ask for approval before big changes.	Windows pedirá tu aprobación antes de hacer cambios importantes.	Windows demandera votre accord avant tout changement important.	Windows bittet vor großen Änderungen um deine Zustimmung.	O Windows pedirá sua aprovação antes de grandes alterações.	Windows chiederà la tua approvazione prima di modifiche importanti.
App installers will no longer get full control of your PC.	Los instaladores de aplicaciones dejarán de tener control total de tu PC.	Les programmes d’installation n’auront plus le contrôle total de votre PC.	Installationsprogramme erhalten keine volle Kontrolle mehr über deinen PC.	Os instaladores de apps deixarão de ter controle total do seu PC.	I programmi di installazione non avranno più il controllo completo del tuo PC.
Other devices on the network will no longer see your account names.	Otros dispositivos de la red ya no verán los nombres de tus cuentas.	Les autres appareils du réseau ne verront plus les noms de vos comptes.	Andere Geräte im Netzwerk sehen deine Kontonamen nicht mehr.	Outros dispositivos na rede não verão mais os nomes das suas contas.	Gli altri dispositivi sulla rete non vedranno più i nomi dei tuoi account.
Accounts without a password can no longer be used over the network.	Las cuentas sin contraseña ya no podrán usarse a través de la red.	Les comptes sans mot de passe ne pourront plus être utilisés via le réseau.	Konten ohne Passwort können nicht mehr über das Netzwerk verwendet werden.	Contas sem senha não poderão mais ser usadas pela rede.	Gli account senza password non potranno più essere usati tramite la rete.
It turns this protection on.	Activa esta protección.	Cela active cette protection.	Der Schutz wird eingeschaltet.	Ativa esta proteção.	Attiva questa protezione.
Wrong name-lookup answers will be ignored.	Se ignorarán las respuestas incorrectas de nombres.	Les mauvaises réponses de noms seront ignorées.	Falsche Namensantworten werden ignoriert.	As respostas de nomes incorretas serão ignoradas.	Le risposte di nomi sbagliate verranno ignorate.
It blocks common ways harmful programs read passwords.	Bloquea las formas habituales en que los programas dañinos leen contraseñas.	Cela bloque les moyens courants par lesquels des programmes nuisibles lisent les mots de passe.	Es blockiert gängige Wege, auf denen schädliche Programme Passwörter auslesen.	Bloqueia as formas comuns pelas quais programas nocivos leem senhas.	Blocca i modi più comuni con cui i programmi dannosi leggono le password.
It turns scanning for harmful scripts back on.	Vuelve a activar el análisis de scripts dañinos.	Cela réactive l’analyse des scripts nuisibles.	Die Prüfung auf schädliche Skripte wird wieder eingeschaltet.	Reativa a verificação de scripts nocivos.	Riattiva la scansione degli script dannosi.
Junk apps bundled with downloads will be blocked.	Se bloquearán las apps basura incluidas en las descargas.	Les applications indésirables livrées avec les téléchargements seront bloquées.	Unerwünschte Apps in Downloads werden blockiert.	Os apps indesejados incluídos nos downloads serão bloqueados.	Le app indesiderate incluse nei download verranno bloccate.
Printer drivers will only be installed with your permission.	Los controladores de impresora solo se instalarán con tu permiso.	Les pilotes d’imprimante ne seront installés qu’avec votre autorisation.	Druckertreiber werden nur mit deiner Erlaubnis installiert.	Os drivers de impressora só serão instalados com a sua permissão.	I driver di stampante verranno installati solo con il tuo permesso.
Too many wrong passwords will lock sign-in for a few minutes.	Demasiadas contraseñas incorrectas bloquearán el inicio de sesión unos minutos.	Trop de mots de passe erronés verrouilleront la connexion quelques minutes.	Zu viele falsche Passwörter sperren die Anmeldung für einige Minuten.	Muitas senhas erradas bloquearão a entrada por alguns minutos.	Troppe password errate bloccheranno l’accesso per qualche minuto.
Your shared files and printers stay hidden on public Wi-Fi.	Tus archivos e impresoras compartidos siguen ocultos en redes Wi-Fi públicas.	Vos fichiers et imprimantes partagés restent cachés sur les Wi-Fi publics.	Deine freigegebenen Dateien und Drucker bleiben in öffentlichen WLANs verborgen.	Seus arquivos e impressoras compartilhados ficam ocultos em redes Wi-Fi públicas.	I tuoi file e le tue stampanti condivisi restano nascosti sui Wi-Fi pubblici.
Your choices	Tus decisiones	Vos choix	Deine Entscheidungen	Suas escolhas	Le tue scelte
None of these are chosen for you, and they don't change your score.	Ninguno está elegido por ti, y no cambian tu puntuación.	Aucun n’est choisi pour vous, et ils ne changent pas votre score.	Nichts davon ist für dich vorausgewählt, und es ändert deine Bewertung nicht.	Nenhum foi escolhido por você, e eles não mudam sua pontuação.	Nessuna è scelta per te e non cambiano il tuo punteggio.
You do these in Windows itself. We show the steps.	Esto se hace en el propio Windows. Te mostramos los pasos.	Cela se fait dans Windows même. Nous vous montrons les étapes.	Das erledigst du in Windows selbst. Wir zeigen dir die Schritte.	Isso é feito no próprio Windows. Mostramos os passos.	Si fa in Windows stesso. Ti mostriamo i passaggi.
Already protected	Ya protegido	Déjà protégé	Bereits geschützt	Já protegido	Già protetto
We'll put this setting back the way it was:	Dejaremos este ajuste como estaba:	Nous remettrons ce réglage comme il était :	Wir setzen diese Einstellung auf den früheren Stand zurück:	Vamos restaurar esta configuração como estava:	Ripristineremo questa impostazione com'era:
Tick at least one add-on to continue.	Marca al menos una extensión para continuar.	Cochez au moins une extension pour continuer.	Wähle mindestens eine Erweiterung aus, um fortzufahren.	Marque pelo menos uma extensão para continuar.	Seleziona almeno un'estensione per continuare.
