Secblitz stops checking in the background. You can still check any time from Home.	Secblitz deja de comprobar en segundo plano. Aún puedes comprobar cuando quieras desde Inicio.	Secblitz arrête de vérifier en arrière-plan. Vous pouvez toujours vérifier à tout moment depuis l'accueil.	Secblitz prüft nicht mehr im Hintergrund. Du kannst jederzeit über die Startseite prüfen.	O Secblitz deixa de verificar em segundo plano. Você ainda pode verificar quando quiser a partir do Início.	Secblitz smette di controllare in background. Puoi comunque controllare quando vuoi dalla Home.
A small shield will appear near the clock when you sign in. It shows whether your PC looks safe.	Aparecerá un pequeño escudo junto al reloj cuando inicies sesión. Muestra si tu PC parece seguro.	Un petit bouclier apparaîtra près de l'horloge à l'ouverture de session. Il indique si votre PC semble sûr.	Beim Anmelden erscheint ein kleiner Schild neben der Uhr. Er zeigt, ob dein PC sicher aussieht.	Um pequeno escudo aparecerá perto do relógio quando você entrar. Ele mostra se o seu PC parece seguro.	Un piccolo scudo apparirà vicino all'orologio quando accedi. Mostra se il tuo PC sembra al sicuro.
The small shield will no longer appear when you sign in.	El pequeño escudo ya no aparecerá cuando inicies sesión.	Le petit bouclier n'apparaîtra plus à l'ouverture de session.	Der kleine Schild erscheint beim Anmelden nicht mehr.	O pequeno escudo não aparecerá mais quando você entrar.	Il piccolo scudo non apparirà più quando accedi.
Tell me when a website is blocked	Avísame cuando se bloquee un sitio web	Prévenez-moi quand un site web est bloqué	Benachrichtige mich, wenn eine Website blockiert wird	Avise-me quando um site for bloqueado	Avvisami quando un sito web viene bloccato
Tell us what went wrong.	Cuéntanos qué salió mal.	Dites-nous ce qui n'a pas fonctionné.	Sag uns, was schiefgelaufen ist.	Conte-nos o que deu errado.	Dicci cosa è andato storto.
Open form	Abrir formulario	Ouvrir le formulaire	Formular öffnen	Abrir formulário	Apri il modulo
Share an idea to make Secblitz better.	Comparte una idea para mejorar Secblitz.	Partagez une idée pour améliorer Secblitz.	Teile eine Idee, um Secblitz zu verbessern.	Compartilhe uma ideia para melhorar o Secblitz.	Condividi un'idea per migliorare Secblitz.
See what Secblitz stores and when it uses the internet.	Mira qué guarda Secblitz y cuándo usa internet.	Voyez ce que Secblitz enregistre et quand il utilise internet.	Sieh nach, was Secblitz speichert und wann es das Internet nutzt.	Veja o que o Secblitz guarda e quando usa a internet.	Scopri cosa memorizza Secblitz e quando usa internet.
Your protection dropped. Open Secblitz to see why.	Tu protección ha bajado. Abre Secblitz para ver por qué.	Votre protection a baissé. Ouvrez Secblitz pour voir pourquoi.	Dein Schutz ist gesunken. Öffne Secblitz, um zu sehen, warum.	Sua proteção diminuiu. Abra o Secblitz para ver o motivo.	La tua protezione è calata. Apri Secblitz per vedere perché.
1 app is removed.	Se quitó 1 app.	1 app est supprimée.	1 App ist entfernt.	1 app foi removido.	1 app è stata rimossa.
{n} apps are removed.	Se quitaron {n} apps.	{n} apps sont supprimées.	{n} Apps sind entfernt.	{n} apps foram removidos.	{n} app sono state rimosse.
What you checked, fixed and undid.	Lo que comprobaste, arreglaste y deshiciste.	Ce que vous avez vérifié, corrigé et annulé.	Was du geprüft, behoben und rückgängig gemacht hast.	O que você verificou, corrigiu e desfez.	Cosa hai controllato, risolto e annullato.
Check a few times to see your progress.	Comprueba unas cuantas veces para ver tu progreso.	Vérifiez plusieurs fois pour voir votre progression.	Prüfe ein paar Mal, um deinen Fortschritt zu sehen.	Verifique algumas vezes para ver seu progresso.	Controlla qualche volta per vedere i tuoi progressi.
Go back to how things were before.	Vuelve a cómo estaba todo antes.	Revenez à la situation d'avant.	Geh zurück zum früheren Stand.	Volte a como estava antes.	Torna a come era prima.
Pick which settings to put back.	Elige qué ajustes volver a poner.	Choisissez les réglages à rétablir.	Wähle, welche Einstellungen zurückgesetzt werden.	Escolha quais configurações restaurar.	Scegli quali impostazioni ripristinare.
